肖申克的救赎 The Shawshank Redemption,阿甘正传,当幸福来敲门,三傻大闹宝莱坞,摔跤吧！爸爸,贫民窟的百万富翁,荒岛余生,心灵捕手,国王的演讲,死亡诗社,美丽心灵
霸王别姬,春光乍泄,罗马假日,重庆森林,花样年华,泰坦尼克号,断背山,爱在黎明破晓前,甜蜜蜜,请以你的名字呼唤我,天使爱美丽
美丽人生 La vita è bella,辛德勒的名单,穿条纹睡衣的男孩,拯救大兵瑞恩,钢琴家,1917,血战钢锯岭,乱世佳人,敦刻尔克,波斯语课,罗马假日
辛德勒的名单 Schindler's List,拯救大兵瑞恩,穿条纹睡衣的男孩,钢琴家,血战钢锯岭,1917,敦刻尔克,美丽人生,兵临城下,卢旺达饭店,
控方证人 Witness for the Prosecution,看不见的客人,控方证人,记忆碎片,禁闭岛,十二怒汉,致命魔术,利刃出鞘,,,
阿甘正传 Forrest Gump,肖申克的救赎,当幸福来敲门,三傻大闹宝莱坞,摔跤吧！爸爸,贫民窟的百万富翁,荒岛余生,心灵捕手,国王的演讲,死亡诗社,美丽心灵
泰坦尼克号 Titanic,罗马假日,恋恋笔记本,爱在黎明破晓前,重庆森林,剪刀手爱德华,傲慢与偏见,怦然心动,乱世佳人,天使爱美丽,
这个杀手不太冷 Léon,罗马假日,泰坦尼克号,恋恋笔记本,爱在黎明破晓前,重庆森林,剪刀手爱德华,猫鼠游戏,天使爱美丽,怦然心动,傲慢与偏见
千与千寻 千と千尋の神隠し,大闹天宫,,,,,,,,,
盗梦空间 Inception,致命魔术,蝴蝶效应,星际穿越,禁闭岛,记忆碎片,看不见的客人,,,,
星际穿越 Interstellar,盗梦空间,火星救援,X战警：逆转未来,,,,,,,
楚门的世界 The Truman Show,九品芝麻官,三傻大闹宝莱坞,喜剧之王,盗梦空间,星际穿越,,,,,
忠犬八公的故事 Hachi: A Dog's Tale,忠犬八公物语,一条狗的使命,导盲犬小Q,南极大冒险,流浪猫鲍勃,多哥,狮子王,,,
熔炉 도가니,猫鼠游戏,杀人回忆,素媛,恐怖直播,七宗罪,小丑,沉默的羔羊,三块广告牌,烈日灼心,看不见的客人
大闹天宫,九色鹿,,,,,,,,,
十二怒汉 12 Angry Men,控方证人,记忆碎片,看不见的客人,禁闭岛,致命魔术,穆赫兰道,七宗罪,,,
无间道 無間道,无间道2,英雄本色,猫鼠游戏,教父,美国往事,新世界,无双,暗战,纵横四海,低俗小说
海上钢琴师 La leggenda del pianista sull'oceano,放牛班的春天,音乐之声,波西米亚狂想曲,爆裂鼓手,爱乐之城,曾经,一一,海盗电台,八月迷情,
末代皇帝 The Last Emperor,为奴十二年,公民凯恩,至暗时刻,国王的演讲,飞行家,茶馆,模仿游戏,社交网络,美丽心灵,波西米亚狂想曲
茶馆,骆驼祥子,无言的山丘,我这一辈子,末代皇帝,祝福,荆轲刺秦王,阿Q正传,雷雨,横空出世,影武者
活着,末代皇帝,饮食男女,一一,茶馆,雨人,海边的曼彻斯特,霸王别姬,岁月神偷,小偷家族,
放牛班的春天 Les choristes,海上钢琴师,音乐之声,爆裂鼓手,肖申克的救赎,阿甘正传,波西米亚狂想曲,当幸福来敲门,曾经,三傻大闹宝莱坞,
背靠背，脸对脸,黑炮事件,香火,有话好好说,大佛普拉斯,顽主,摩登时代,落叶归根,,,
鬼子来了,拯救大兵瑞恩,无耻混蛋,辛德勒的名单,让子弹飞,钢琴家,穿条纹睡衣的男孩,两杆大烟枪,1917,,
触不可及 Intouchables,九品芝麻官,三傻大闹宝莱坞,喜剧之王,让子弹飞,幸福终点站,,,,,
教父 The Godfather,教父2,美国往事,猫鼠游戏,无间道,低俗小说,英雄本色,上帝之城,黑社会,枪火,两杆大烟枪
指环王3：王者无敌 The Lord of the Rings: The Return of the King,指环王2：双塔奇兵,勇敢的心,少年派的奇幻漂流,大鱼,拯救大兵瑞恩,角斗士,,,,
乱世佳人 Gone with the Wind,罗马假日,魂断蓝桥,卡萨布兰卡,傲慢与偏见,泰坦尼克号,爱在黎明破晓前,恋恋笔记本,甜蜜蜜,重庆森林,花样年华
素媛 소원,猫鼠游戏,熔炉,杀人回忆,恐怖直播,湄公河行动,七宗罪,饮食男女,小丑,香水,沉默的羔羊
钢琴家 The Pianist,拯救大兵瑞恩,穿条纹睡衣的男孩,辛德勒的名单,1917,兵临城下,血战钢锯岭,敦刻尔克,波斯语课,战争之王,
海蒂和爷爷 Heidi,饮食男女,步履不停,小偷家族,海街日记,何以为家,我是山姆,普罗旺斯的夏天,海边的曼彻斯特,天才少女,
教父2 The Godfather: Part II,教父3,美国往事,猫鼠游戏,低俗小说,无间道,爱尔兰人,英雄本色,上帝之城,黑社会,枪火
三傻大闹宝莱坞 3 Idiots,九品芝麻官,喜剧之王,阿甘正传,肖申克的救赎,,,,,,
当幸福来敲门 The Pursuit of Happyness,阿甘正传,肖申克的救赎,摔跤吧！爸爸,三傻大闹宝莱坞,贫民窟的百万富翁,荒岛余生,心灵捕手,国王的演讲,饮食男女,叫我第一名
饮食男女 飲食男女,推手,喜宴,东京物语,步履不停,雨人,一次别离,小偷家族,海街日记,一一,岁月神偷
蝙蝠侠：黑暗骑士 The Dark Knight,蝙蝠侠：黑暗骑士崛起,猫鼠游戏,盗梦空间,,,,,,,
指环王2：双塔奇兵 The Lord of the Rings: The Two Towers,指环王1：护戒使者,少年派的奇幻漂流,勇敢的心,大鱼,角斗士,,,,,
死亡诗社 Dead Poets Society,心灵捕手,肖申克的救赎,阿甘正传,当幸福来敲门,国王的演讲,百万美元宝贝,贫民窟的百万富翁,三傻大闹宝莱坞,摔跤吧！爸爸,叫我第一名
天堂电影院 Nuovo Cinema Paradiso,罗马假日,爱在黎明破晓前,重庆森林,甜蜜蜜,泰坦尼克号,天使爱美丽,花样年华,乱世佳人,剪刀手爱德华,真爱至上
摩登时代 Modern Times,城市之光,九品芝麻官,寻子遇仙记,大独裁者,喜剧之王,,,,,
辩护人 변호인,猫鼠游戏,杀人回忆,熔炉,恐怖直播,追击者,七宗罪,黄海,新世界,素媛,肖申克的救赎
窃听风暴 Das Leben der Anderen,记忆碎片,控方证人,致命魔术,禁闭岛,看不见的客人,穆赫兰道,十二怒汉,蝴蝶效应,,
穿条纹睡衣的男孩 The Boy in the Striped Pajamas,拯救大兵瑞恩,钢琴家,辛德勒的名单,1917,血战钢锯岭,波斯语课,敦刻尔克,美丽人生,卢旺达饭店,
少年派的奇幻漂流 Life of Pi,指环王1：护戒使者,大鱼,本杰明·巴顿奇事,白日梦想家,,,,,,
美国往事 Once Upon a Time in America,教父2,好家伙,低俗小说,上帝之城,爱尔兰人,枪火,黑社会,英雄本色,无间道,赌城风云
小鞋子 بچه های آسمان,饮食男女,东京物语,当幸福来敲门,雨人,一次别离,步履不停,摔跤吧！爸爸,我是山姆,岁月神偷,海蒂和爷爷
怦然心动 Flipped,罗马假日,泰坦尼克号,爱在黎明破晓前,恋恋笔记本,重庆森林,傲慢与偏见,天使爱美丽,爱乐之城,情书,真爱至上
飞屋环游记 Up,大闹天宫,,,,,,,,,
高山下的花环,大决战之辽沈战役,上甘岭,集结号,决战之后,从海底出击,1917,英雄儿女,,,
何以为家 كفرناحوم,饮食男女,82年生的金智英,小偷家族,海蒂和爷爷,海边的曼彻斯特,海街日记,阳光普照,我是山姆,摔跤吧！爸爸,
猫鼠游戏 Catch Me If You Can,华尔街之狼,七宗罪,杀人回忆,熔炉,血钻,恐怖直播,小丑,沉默的羔羊,蝙蝠侠：黑暗骑士,教父
罗马假日 Roman Holiday,泰坦尼克号,魂断蓝桥,爱在黎明破晓前,乱世佳人,恋恋笔记本,重庆森林,甜蜜蜜,天使爱美丽,傲慢与偏见,花样年华
闻香识女人 Scent of a Woman,罗马假日,爱在黎明破晓前,泰坦尼克号,恋恋笔记本,贫民窟的百万富翁,重庆森林,甜蜜蜜,乱世佳人,傲慢与偏见,天使爱美丽
指环王1：护戒使者 The Lord of the Rings: The Fellowship of the Ring,指环王2：双塔奇兵,少年派的奇幻漂流,勇敢的心,大鱼,角斗士,,,,,
七武士 七人の侍,拯救大兵瑞恩,全金属外壳,影武者,光荣之路,乱,伊万的童年,蜘蛛巢城,现代启示录,钢琴家,
美丽心灵 A Beautiful Mind,国王的演讲,社交网络,飞行家,罗马假日,贫民窟的百万富翁,达拉斯买家俱乐部,末代皇帝,万物理论,极速风流,爱在黎明破晓前
一一,悲情城市,东京物语,花样年华,重庆森林,小武,步履不停,苏州河,独立时代,饮食男女,推手
拯救大兵瑞恩 Saving Private Ryan,兵临城下,辛德勒的名单,血战钢锯岭,钢琴家,1917,穿条纹睡衣的男孩,战争之王,敦刻尔克,集结号,
音乐之声 The Sound of Music,罗马假日,海上钢琴师,爱乐之城,魂断蓝桥,泰坦尼克号,爱在黎明破晓前,恋恋笔记本,乱世佳人,傲慢与偏见,
"两杆大烟枪 Lock, Stock and Two Smoking Barrels",低俗小说,让子弹飞,摩登时代,荒蛮故事,布达佩斯大饭店,九品芝麻官,被解救的姜戈,,,
飞越疯人院 One Flew Over the Cuckoo's Nest,两杆大烟枪,让子弹飞,低俗小说,布达佩斯大饭店,荒蛮故事,大佛普拉斯,无耻混蛋,被解救的姜戈,鬼子来了,
横空出世,我的1919,大明劫,大决战之辽沈战役,茶馆,决战之后,荆轲刺秦王,我和我的祖国,高山下的花环,末代皇帝,绝杀慕尼黑
我不是药神,让子弹飞,驴得水,无名之辈,布达佩斯大饭店,大佛普拉斯,一出好戏,低俗小说,寄生虫,邪不压正,
让子弹飞,九品芝麻官,两杆大烟枪,驴得水,布达佩斯大饭店,喜剧之王,,,,,
摔跤吧！爸爸 Dangal,当幸福来敲门,肖申克的救赎,阿甘正传,三傻大闹宝莱坞,贫民窟的百万富翁,国王的演讲,奇迹男孩,心灵捕手,饮食男女,
芙蓉镇,牧马人,马路天使,甜蜜蜜,老井,花样年华,重庆森林,红高粱,小城之春,独立时代,恋恋风尘
狩猎 Jagten,控方证人,记忆碎片,看不见的客人,禁闭岛,致命魔术,杀人回忆,大卫·戈尔的一生,蝴蝶效应,,
春光乍泄 春光乍洩,蓝宇,断背山,重庆森林,花样年华,请以你的名字呼唤我,喜宴,霸王别姬,阿飞正传,谁先爱上他的,甜蜜蜜
本杰明·巴顿奇事 The Curious Case of Benjamin Button,罗马假日,爱在黎明破晓前,恋恋笔记本,泰坦尼克号,重庆森林,天使爱美丽,傲慢与偏见,爱乐之城,真爱至上,
城市之光 City Lights,摩登时代,寻子遇仙记,九品芝麻官,大独裁者,喜剧之王,,,,,
搏击俱乐部 Fight Club,记忆碎片,七宗罪,禁闭岛,致命魔术,控方证人,看不见的客人,穆赫兰道,杀人回忆,沉默的羔羊,
无人知晓 誰も知らない,步履不停,如父如子,比海更深,东京物语,饮食男女,海街日记,小偷家族,奇迹,一一,海边的曼彻斯特
完美的世界 A Perfect World,猫鼠游戏,末路狂花,杀人回忆,血钻,七宗罪,熔炉,恐怖直播,可可西里,上帝之城,
忠犬八公物语 ハチ公物語,忠犬八公的故事,导盲犬小Q,熊的故事,丛林赤子心,一条狗的使命,南极大冒险,多哥,,,
喜宴 囍宴,推手,饮食男女,春光乍泄,断背山,蓝宇,谁先爱上他的,燃烧女子的肖像,每分钟120击,请以你的名字呼唤我,莫里斯
超脱 Detachment,一一,重庆森林,花样年华,阿飞正传,布达佩斯大饭店,爱在黎明破晓前,海上钢琴师,天使爱美丽,海边的曼彻斯特,霸王别姬
南海十三郎,公民凯恩,阮玲玉,极速车王,末代皇帝,波西米亚狂想曲,剃头匠,达拉斯买家俱乐部,美丽心灵,跛豪,岁月风云之上海皇帝
绿皮书 Green Book,九品芝麻官,喜剧之王,三傻大闹宝莱坞,海上钢琴师,波西米亚狂想曲,,,,,
小森林 夏秋篇 リトル・フォレスト 夏・秋,小森林 冬春篇,一一,重庆森林,花样年华,布达佩斯大饭店,爱在黎明破晓前,海街日记,天使爱美丽,海上钢琴师,甜蜜蜜
小森林 冬春篇 リトル・フォレスト 冬・春,小森林 夏秋篇,一一,重庆森林,花样年华,布达佩斯大饭店,海街日记,爱在黎明破晓前,天使爱美丽,海上钢琴师,甜蜜蜜
教父3 The Godfather: Part III,教父2,美国往事,猫鼠游戏,爱尔兰人,英雄本色,无间道2,上帝之城,低俗小说,新世界,黑社会
城南旧事,东京物语,一一,过年,推手,饮食男女,步履不停,那山那人那狗,三峡好人,海街日记,悲情城市
阳光灿烂的日子,重庆森林,花样年华,一一,甜蜜蜜,阿飞正传,太阳照常升起,爱在黎明破晓前,罗马假日,天使爱美丽,东邪西毒
情书 Love Letter,罗马假日,重庆森林,爱在黎明破晓前,花样年华,甜蜜蜜,天使爱美丽,恋恋笔记本,泰坦尼克号,傲慢与偏见,爱乐之城
我是山姆 I Am Sam,雨人,饮食男女,海蒂和爷爷,岁月神偷,海边的曼彻斯特,小偷家族,大鱼,何以为家,当幸福来敲门,
西西里的美丽传说 Malèna,罗马假日,重庆森林,爱在黎明破晓前,泰坦尼克号,花样年华,甜蜜蜜,色，戒,恋恋笔记本,天使爱美丽,傲慢与偏见
禁闭岛 Shutter Island,记忆碎片,恐怖游轮,致命ID,看不见的客人,蝴蝶效应,七宗罪,穆赫兰道,第六感,控方证人,沉默的羔羊
甜蜜蜜,花样年华,重庆森林,罗马假日,爱在黎明破晓前,阿飞正传,天使爱美丽,泰坦尼克号,情书,真爱至上,
蝴蝶效应 The Butterfly Effect,禁闭岛,致命魔术,盗梦空间,记忆碎片,恐怖游轮,看不见的客人,穆赫兰道,七宗罪,,
布达佩斯大饭店 The Grand Budapest Hotel,让子弹飞,两杆大烟枪,荒蛮故事,驴得水,大佛普拉斯,低俗小说,一一,,,
沉默的羔羊 The Silence of the Lambs,七宗罪,致命ID,恐怖游轮,禁闭岛,记忆碎片,杀人回忆,第六感,,,
致命魔术 The Prestige,记忆碎片,禁闭岛,盗梦空间,蝴蝶效应,看不见的客人,控方证人,穆赫兰道,致命ID,利刃出鞘,
低俗小说 Pulp Fiction,两杆大烟枪,被解救的姜戈,让子弹飞,无耻混蛋,美国往事,教父,荒蛮故事,八恶人,,
上帝之城 Cidade de Deus,美国往事,教父3,猫鼠游戏,搏击俱乐部,好家伙,低俗小说,发条橙,出租车司机,,
请以你的名字呼唤我 Call Me by Your Name,春光乍泄,断背山,燃烧女子的肖像,蓝宇,谁先爱上他的,莫里斯,卡罗尔,每分钟120击,喜宴,
心灵捕手 Good Will Hunting,荒岛余生,阿甘正传,肖申克的救赎,当幸福来敲门,百万美元宝贝,贫民窟的百万富翁,国王的演讲,死亡诗社,三傻大闹宝莱坞,摔跤吧！爸爸
杀人回忆 살인의 추억,看不见的客人,恐怖直播,记忆碎片,七宗罪,禁闭岛,控方证人,致命ID,猫鼠游戏,沉默的羔羊,追击者
入殓师 おくりびと,一一,饮食男女,步履不停,雨人,海街日记,海边的曼彻斯特,岁月神偷,小偷家族,小森林 夏秋篇,
菊次郎的夏天 菊次郎の夏,九品芝麻官,喜剧之王,摩登时代,一一,三傻大闹宝莱坞,,,,,
勇敢的心 Braveheart,拯救大兵瑞恩,角斗士,兵临城下,辛德勒的名单,指环王3：王者无敌,钢琴家,血战钢锯岭,与狼共舞,战争之王,
第六感 The Sixth Sense,恐怖游轮,禁闭岛,致命ID,记忆碎片,小岛惊魂,万能钥匙,沉默的羔羊,蝴蝶效应,穆赫兰道,
7号房的礼物 7번방의 선물,饮食男女,82年生的金智英,小偷家族,岁月神偷,亲爱的,我是山姆,海蒂和爷爷,何以为家,,
爱在日落黄昏时 Before Sunset,爱在黎明破晓前,罗马假日,恋恋笔记本,重庆森林,花样年华,甜蜜蜜,傲慢与偏见,爱乐之城,真爱至上,天使爱美丽
可可西里,猫鼠游戏,杀人回忆,七宗罪,血钻,熔炉,香水,上帝之城,恐怖直播,无人区,牯岭街少年杀人事件
萤火之森 蛍火の杜へ,侧耳倾听,大闹天宫,穿越时空的少女,秒速5厘米,,,,,,
牯岭街少年杀人事件 牯嶺街少年殺人事件,末路狂花,杀人回忆,上帝之城,七宗罪,出租车司机,沉默的羔羊,三块广告牌,教父3,心迷宫,低俗小说
一个叫欧维的男人决定去死 En man som heter Ove,爱在黎明破晓前,罗马假日,婚姻故事,重庆森林,恋恋笔记本,爱乐之城,泰坦尼克号,傲慢与偏见,天使爱美丽,
侧耳倾听 耳をすませば,岁月的童话,起风了,大闹天宫,,,,,,,
生活多美好 It's a Wonderful Life,史密斯先生到华盛顿,桃色公寓,城市之光,街角的商店,百万美元宝贝,追梦赤子心,卡比利亚之夜,幸福终点站,,
新世界 신세계,猫鼠游戏,黄海,与犯罪的战争：坏家伙的全盛时代,无间道2,教父2,局内人,黑社会,上帝之城,英雄本色,
无间道(正序版),无间道3：终极无间,暗战,英雄本色,门徒,黑社会,新警察故事,窃听风云,黑金,五亿探长雷洛传1：雷老虎,
爱在午夜降临前 Before Midnight,爱在日落黄昏时,罗马假日,恋恋笔记本,重庆森林,花样年华,甜蜜蜜,爱乐之城,傲慢与偏见,真爱至上,天使爱美丽
东京教父 東京ゴッドファーザーズ,千年女优,大闹天宫,,,,,,,,
喜剧之王 喜劇之王,九品芝麻官,,,,,,,,,
重庆森林 重慶森林,花样年华,甜蜜蜜,罗马假日,爱在黎明破晓前,堕落天使,阿飞正传,2046,天使爱美丽,春光乍泄,东邪西毒
寄生虫 기생충,猫鼠游戏,利刃出鞘,三块广告牌,大佛普拉斯,误杀,看不见的客人,杀人回忆,驴得水,心迷宫,
你看起来好像很好吃 おまえうまそうだな,大闹天宫,,,,,,,,,
绿里奇迹 The Green Mile,大鱼,指环王1：护戒使者,少年派的奇幻漂流,致命魔术,本杰明·巴顿奇事,青蛇,,,,
七宗罪 Se7en,记忆碎片,禁闭岛,沉默的羔羊,致命ID,看不见的客人,杀人回忆,搏击俱乐部,恐怖游轮,猫鼠游戏,
断背山 Brokeback Mountain,春光乍泄,蓝宇,喜宴,请以你的名字呼唤我,罗马假日,爱在黎明破晓前,泰坦尼克号,恋恋笔记本,重庆森林,霸王别姬
模仿游戏 The Imitation Game,至暗时刻,血战钢锯岭,敦刻尔克,1917,拯救大兵瑞恩,穿条纹睡衣的男孩,钢琴家,社交网络,波斯语课,辛德勒的名单
牧马人,天云山传奇,芙蓉镇,罗马假日,人生,老井,甜蜜蜜,泰坦尼克号,小城之春,情书,
大鱼 Big Fish,指环王1：护戒使者,少年派的奇幻漂流,饮食男女,雨人,,,,,,
幸福终点站 The Terminal,喜剧之王,九品芝麻官,罗马假日,三傻大闹宝莱坞,真爱至上,恋恋笔记本,,,,
我爱你 그대를 사랑합니다,恋恋笔记本,爱在日落黄昏时,甜蜜蜜,泰坦尼克号,假如爱有天意,真爱至上,傲慢与偏见,剪刀手爱德华,天使爱美丽,
达拉斯买家俱乐部 Dallas Buyers Club,极速风流,社交网络,飞行家,国王的演讲,美丽心灵,模仿游戏,为奴十二年,斯图尔特：倒带人生,波西米亚狂想曲,万物理论
荒蛮故事 Relatos salvajes,两杆大烟枪,大佛普拉斯,布达佩斯大饭店,低俗小说,让子弹飞,巴斯特·斯克鲁格斯的歌谣,驴得水,杰出公民,被解救的姜戈,
枪火 鎗火,黑社会,暗花,黑金,机动部队,无间道2,英雄本色,跛豪,美国往事,教父2,
房间 Room,饮食男女,步履不停,海边的曼彻斯特,小偷家族,雨人,一次别离,婚姻故事,海街日记,猫鼠游戏,
东邪西毒：终极版 東邪西毒終極版,东邪西毒,花样年华,重庆森林,胭脂扣,2046,堕落天使,阿飞正传,甜蜜蜜,,
赛德克·巴莱 賽德克·巴萊,赛德克·巴莱(下)：彩虹桥,勇敢的心,兵临城下,拯救大兵瑞恩,集结号,角斗士,1917,卢旺达饭店,敦刻尔克,
天使爱美丽 Le fabuleux destin d'Amélie Poulain,罗马假日,重庆森林,爱在黎明破晓前,花样年华,两小无猜,甜蜜蜜,恋恋笔记本,傲慢与偏见,泰坦尼克号,真爱至上
心迷宫,看不见的客人,暴裂无声,控方证人,杀人回忆,记忆碎片,利刃出鞘,恐怖直播,禁闭岛,网络谜踪,
罗生门 羅生門,控方证人,记忆碎片,穆赫兰道,禁闭岛,十二怒汉,杀人回忆,,,,
无间道2 無間道II,无间道3：终极无间,英雄本色,黑社会,暗战,枪火,教父3,门徒,新世界,新警察故事,猫鼠游戏
赛德克·巴莱(上)：太阳旗 賽德克·巴萊(上)太陽旗,赛德克·巴莱(下)：彩虹桥,兵临城下,集结号,勇敢的心,拯救大兵瑞恩,天国王朝,1917,卢旺达饭店,帝国的毁灭,
小偷家族 万引き家族,步履不停,饮食男女,如父如子,海街日记,比海更深,82年生的金智英,海边的曼彻斯特,婚姻故事,阳光普照,
血战钢锯岭 Hacksaw Ridge,拯救大兵瑞恩,敦刻尔克,1917,至暗时刻,穿条纹睡衣的男孩,辛德勒的名单,兵临城下,钢琴家,决战中途岛,
千钧一发 Gattaca,这个男人来自地球,超时空接触,月球,第九区,,,,,,
控方证人 Witness for the Prosecution,控方证人,东方快车谋杀案,尼罗河上的惨案,十二怒汉（电视版）,看不见的客人,记忆碎片,禁闭岛,利刃出鞘,,
恐怖直播 더 테러 라이브,杀人回忆,看不见的客人,猫鼠游戏,记忆碎片,七宗罪,控方证人,追击者,致命ID,禁闭岛,心迷宫
记忆碎片 Memento,禁闭岛,致命魔术,穆赫兰道,恐怖游轮,看不见的客人,七宗罪,蝴蝶效应,控方证人,,
爆裂鼓手 Whiplash,海上钢琴师,百万美元宝贝,波西米亚狂想曲,海盗电台,醉乡民谣,放牛班的春天,荒岛余生,心灵捕手,肖申克的救赎,
爱尔兰人 The Irishman,好家伙,美国往事,教父3,猫鼠游戏,极速车王,新世界,黑社会,华尔街之狼,赌城风云,
勇士 Warrior,飓风营救,百万美元宝贝,洛奇,铁拳男人,铁甲钢拳,光荣之路,雨人,斗士,,
人工智能 Artificial Intelligence: AI,E.T.外星人,这个男人来自地球,第九区,,,,,,,
大独裁者 The Great Dictator,寻子遇仙记,城市之光,摩登时代,将军号,,,,,,
我们俩,推手,过年,洗澡,饮食男女,万箭穿心,我们天上见,一一,那山那人那狗,世界上最疼我的那个人去了,东京物语
悲情城市,海上花,乡愁,一一,永恒和一日,雾中风景,三峡好人,小武,站台,蓝白红三部曲之蓝,独立时代
血钻 Blood Diamond,猫鼠游戏,战争之王,拯救大兵瑞恩,兵临城下,蝙蝠侠：黑暗骑士,七宗罪,,,,
爱·回家 집으로...,东京物语,饮食男女,步履不停,一次别离,雨人,岁月神偷,我的父亲，我的儿子,世上最美的离别,我是山姆,结婚礼服
天堂回信,过年,饮食男女,东京物语,孙子从美国来,步履不停,那山那人那狗,万箭穿心,我是山姆,岁月神偷,海蒂和爷爷
比海更深 海よりもまだ深く,步履不停,如父如子,海街日记,东京物语,奇迹,饮食男女,一一,小偷家族,海边的曼彻斯特,困在时间里的父亲
悲惨世界 Les Misérables,傲慢与偏见,海上钢琴师,爱乐之城,理智与情感,歌剧魅影,爱在黎明破晓前,雾都孤儿,安娜·卡列尼娜,午夜巴黎,
梦之安魂曲 Requiem for a Dream,猜火车,末路狂花,老无所依,美国X档案,香水,逍遥骑士,死者田园祭,杀人回忆,七宗罪,
东邪西毒 東邪西毒,重庆森林,花样年华,东邪西毒：终极版,阿飞正传,甜蜜蜜,罗马假日,胭脂扣,卧虎藏龙,,
奇迹男孩 Wonder,摔跤吧！爸爸,当幸福来敲门,饮食男女,小偷家族,82年生的金智英,天才少女,肖申克的救赎,阿甘正传,海蒂和爷爷,
英雄本色,英雄本色2,无间道,纵横四海,枪火,喋血双雄,教父3,暗战,美国往事,,
弱点 The Blind Side,当幸福来敲门,光荣之路,百万美元宝贝,追梦赤子心,摔跤吧！爸爸,荒岛余生,雨人,叫我第一名,卡特教练,国王的演讲
恋恋笔记本 The Notebook,罗马假日,爱在黎明破晓前,真爱至上,泰坦尼克号,傲慢与偏见,两小无猜,甜蜜蜜,一天,重庆森林,爱乐之城
波西米亚狂想曲 Bohemian Rhapsody,极速车王,海上钢琴师,倒数时刻,社交网络,醉乡民谣,马戏之王,末代皇帝,达拉斯买家俱乐部,爆裂鼓手,
赛德克·巴莱(下)：彩虹桥 賽德克·巴萊(下)彩虹橋,赛德克·巴莱(上)：太阳旗,兵临城下,集结号,勇敢的心,拯救大兵瑞恩,天国王朝,1917,硫磺岛的来信,角斗士,
攻壳机动队2：无罪 攻殻機動隊2 イノセンス,星际牛仔：天国之门,福音战士新剧场版：序,新世纪福音战士剧场版：Air/...,人狼,空中杀手,黑客帝国动画版,千年女优,,,
横道世之介,花束般的恋爱,爱在黎明破晓前,偶然与想象,那年夏天，宁静的海,重庆森林,春天情书,甜蜜蜜,爱乐之城,情书,花样年华
朗读者 The Reader,罗马假日,爱在日落黄昏时,恋恋笔记本,甜蜜蜜,英国病人,重庆森林,花样年华,乱世佳人,天使爱美丽,泰坦尼克号
变脸,本命年,立春,三峡好人,一一,小武,百鸟朝凤,钢的琴,孩子王,大红灯笼高高挂,那山那人那狗
我们天上见,推手,一一,洗澡,万箭穿心,饮食男女,立春,女人，四十,那山那人那狗,步履不停,岁月神偷
麦兜故事 麥兜故事,麦兜，菠萝油王子,大闹天宫,,,,,,,,
E.T.外星人 E.T. the Extra-Terrestrial,这个男人来自地球,人工智能,第九区,,,,,,,
影武者,乱,蜘蛛巢城,七武士,光荣之路,全金属外壳,伊万的童年,战国英豪,虎！虎！虎！,从海底出击,
家有喜事 家有囍事,赌侠,,,,,,,,,
红高粱,花样年华,重庆森林,甜蜜蜜,罗马假日,胭脂扣,苏州河,阿飞正传,我的父亲母亲,芙蓉镇,集结号
赌神 賭神,赌侠,九品芝麻官,,,,,,,,
笑傲江湖2：东方不败 笑傲江湖II東方不敗,黄飞鸿,精武英雄,卧虎藏龙,,,,,,,
莫里斯 Maurice,迷情站台,每分钟120击,上帝之国,同窗之爱,单身男子,蓝宇,燃烧女子的肖像,我自己的爱达荷,烈焰焚币,迷恋荷尔蒙
与狼共舞 Dances with Wolves,宾虚,勇敢的心,角斗士,天国王朝,阿拉伯的劳伦斯,西部往事,赛德克·巴莱,指环王3：王者无敌,末代皇帝,刺杀肯尼迪
多哥 Togo,野性的呼唤,南极大冒险,我在雨中等你,丛林赤子心,忠犬八公的故事,狮子王,流浪猫鲍勃,荒野猎人,狐狸与我,
我在伊朗长大 Persepolis,魔术师,千年女优,东京教父,,,,,,,
蓝色大门 藍色大門,重庆森林,甜蜜蜜,花样年华,爱在黎明破晓前,罗马假日,两小无猜,志明与春娇,和莎莫的500天,春光乍泄,天使爱美丽
洞 Le trou,热天午后,独行杀手,骗中骗,M就是凶手,洛城机密,双重赔偿,,,,
全金属外壳 Full Metal Jacket,光荣之路,现代启示录,野战排,恐惧与欲望,兵临城下,伊万的童年,奇爱博士,巴里·林登,拯救大兵瑞恩,
黑水 Dark Waters,极速车王,华盛顿邮报,芝加哥七君子审判,教宗的承继,南山的部长们,理查德·朱维尔的哀歌,悲惨世界,猫鼠游戏,聚焦,爱尔兰人
烈日灼心,误杀,追凶者也,看不见的客人,猫鼠游戏,全民目击,杀人回忆,解救吾先生,无双,心迷宫,
莫扎特传 Amadeus,公民凯恩,甘地传,她比烟花寂寞,社交网络,飞行家,玫瑰人生,弗里达,闪亮的风采,波西米亚狂想曲,醉乡民谣
老无所依 No Country for Old Men,冰血暴,猫鼠游戏,沉默的羔羊,洛城机密,七宗罪,杀人回忆,不可饶恕,,,
﻿,,,,,,,,,,
霸王别姬,春光乍泄,罗马假日,重庆森林,花样年华,泰坦尼克号,断背山,爱在黎明破晓前,甜蜜蜜,请以你的名字呼唤我,天使爱美丽
美丽人生 La vita è bella,辛德勒的名单,穿条纹睡衣的男孩,拯救大兵瑞恩,钢琴家,1917,血战钢锯岭,乱世佳人,敦刻尔克,波斯语课,罗马假日
阿甘正传 Forrest Gump,肖申克的救赎,当幸福来敲门,三傻大闹宝莱坞,摔跤吧！爸爸,贫民窟的百万富翁,荒岛余生,心灵捕手,国王的演讲,死亡诗社,美丽心灵
泰坦尼克号 Titanic,罗马假日,恋恋笔记本,爱在黎明破晓前,重庆森林,剪刀手爱德华,傲慢与偏见,怦然心动,乱世佳人,天使爱美丽,
乱世佳人 Gone with the Wind,罗马假日,魂断蓝桥,卡萨布兰卡,傲慢与偏见,泰坦尼克号,爱在黎明破晓前,恋恋笔记本,甜蜜蜜,重庆森林,花样年华
九品芝麻官,喜剧之王,,,,,,,,,
三傻大闹宝莱坞 3 Idiots,九品芝麻官,喜剧之王,阿甘正传,肖申克的救赎,,,,,,
摩登时代 Modern Times,城市之光,九品芝麻官,寻子遇仙记,大独裁者,喜剧之王,,,,,
天堂电影院 Nuovo Cinema Paradiso,罗马假日,爱在黎明破晓前,重庆森林,甜蜜蜜,泰坦尼克号,天使爱美丽,花样年华,乱世佳人,剪刀手爱德华,真爱至上
怦然心动 Flipped,罗马假日,泰坦尼克号,爱在黎明破晓前,恋恋笔记本,重庆森林,傲慢与偏见,天使爱美丽,爱乐之城,情书,真爱至上
罗马假日 Roman Holiday,泰坦尼克号,魂断蓝桥,爱在黎明破晓前,乱世佳人,恋恋笔记本,重庆森林,甜蜜蜜,天使爱美丽,傲慢与偏见,花样年华
城市之光 City Lights,摩登时代,寻子遇仙记,九品芝麻官,大独裁者,喜剧之王,,,,,
一一,悲情城市,东京物语,花样年华,重庆森林,小武,步履不停,苏州河,独立时代,饮食男女,推手
音乐之声 The Sound of Music,罗马假日,海上钢琴师,爱乐之城,魂断蓝桥,泰坦尼克号,爱在黎明破晓前,恋恋笔记本,乱世佳人,傲慢与偏见,
芙蓉镇,牧马人,马路天使,甜蜜蜜,老井,花样年华,重庆森林,红高粱,小城之春,独立时代,恋恋风尘
南海十三郎,公民凯恩,阮玲玉,极速车王,末代皇帝,波西米亚狂想曲,剃头匠,达拉斯买家俱乐部,美丽心灵,跛豪,岁月风云之上海皇帝
九品芝麻官,喜剧之王,,,,,,,,,
春光乍泄 春光乍洩,蓝宇,断背山,重庆森林,花样年华,请以你的名字呼唤我,喜宴,霸王别姬,阿飞正传,谁先爱上他的,甜蜜蜜
本杰明·巴顿奇事 The Curious Case of Benjamin Button,罗马假日,爱在黎明破晓前,恋恋笔记本,泰坦尼克号,重庆森林,天使爱美丽,傲慢与偏见,爱乐之城,真爱至上,
喜宴 囍宴,推手,饮食男女,春光乍泄,断背山,蓝宇,谁先爱上他的,燃烧女子的肖像,每分钟120击,请以你的名字呼唤我,莫里斯
城市之光,罗马假日,音乐之声,魂断蓝桥,爱乐之城,爱在日落黄昏时,摩登时代,天使爱美丽,甜蜜蜜,花样年华,
生活多美好 It's a Wonderful Life,史密斯先生到华盛顿,桃色公寓,城市之光,街角的商店,百万美元宝贝,追梦赤子心,卡比利亚之夜,幸福终点站,,
灿烂人生 La meglio gioventù,一一,爱在日落黄昏时,蓝白红三部曲之红,甜蜜蜜,邮差,英国病人,刺猬的优雅,廊桥遗梦,天使爱美丽,东京物语
阳光灿烂的日子,重庆森林,花样年华,一一,甜蜜蜜,阿飞正传,太阳照常升起,爱在黎明破晓前,罗马假日,天使爱美丽,东邪西毒
情书 Love Letter,罗马假日,重庆森林,爱在黎明破晓前,花样年华,甜蜜蜜,天使爱美丽,恋恋笔记本,泰坦尼克号,傲慢与偏见,爱乐之城
甜蜜蜜,花样年华,重庆森林,罗马假日,爱在黎明破晓前,阿飞正传,天使爱美丽,泰坦尼克号,情书,真爱至上,
请以你的名字呼唤我 Call Me by Your Name,春光乍泄,断背山,燃烧女子的肖像,蓝宇,谁先爱上他的,莫里斯,卡罗尔,每分钟120击,喜宴,
爱在日落黄昏时 Before Sunset,爱在黎明破晓前,罗马假日,恋恋笔记本,重庆森林,花样年华,甜蜜蜜,傲慢与偏见,爱乐之城,真爱至上,天使爱美丽
萤火之森 蛍火の杜へ,侧耳倾听,大闹天宫,穿越时空的少女,秒速5厘米,,,,,,
牧马人,天云山传奇,芙蓉镇,罗马假日,人生,老井,甜蜜蜜,泰坦尼克号,小城之春,情书,
莫娣 Maudie,爱在黎明破晓前,花束般的恋爱,爱乐之城,弗里达,将来的事,恋恋笔记本,赎罪,一一,万物理论,
侧耳倾听 耳をすませば,岁月的童话,起风了,大闹天宫,,,,,,,
沉静如海 Le silence de la mer,穿条纹睡衣的男孩,魂断蓝桥,赎罪,钢琴家,面纱,再见，孩子们,爱在黎明破晓前,布达佩斯之恋,1917,波斯语课
爱在午夜降临前 Before Midnight,爱在日落黄昏时,罗马假日,恋恋笔记本,重庆森林,花样年华,甜蜜蜜,爱乐之城,傲慢与偏见,真爱至上,天使爱美丽
我爱你 그대를 사랑합니다,恋恋笔记本,爱在日落黄昏时,甜蜜蜜,泰坦尼克号,假如爱有天意,真爱至上,傲慢与偏见,剪刀手爱德华,天使爱美丽,
喜剧之王 喜劇之王,九品芝麻官,,,,,,,,,
重庆森林 重慶森林,花样年华,甜蜜蜜,罗马假日,爱在黎明破晓前,堕落天使,阿飞正传,2046,天使爱美丽,春光乍泄,东邪西毒
罗马假日,青蛇,泰坦尼克号,甜蜜蜜,重庆森林,花样年华,东邪西毒,剪刀手爱德华,,,
断背山 Brokeback Mountain,春光乍泄,蓝宇,喜宴,请以你的名字呼唤我,罗马假日,爱在黎明破晓前,泰坦尼克号,恋恋笔记本,重庆森林,霸王别姬
爱在黎明破晓前 Before Sunrise,爱在日落黄昏时,罗马假日,恋恋笔记本,重庆森林,花样年华,甜蜜蜜,傲慢与偏见,爱乐之城,天使爱美丽,真爱至上
恋恋笔记本,爱在黎明破晓前,罗马假日,真爱至上,泰坦尼克号,爱乐之城,傲慢与偏见,重庆森林,天使爱美丽,,
爱情神话,真爱至上,祝你好运，里奥·格兰德,法兰西特派,爱在日落黄昏时,花束般的恋爱,三傻大闹宝莱坞,,,,
幸福终点站 The Terminal,喜剧之王,九品芝麻官,罗马假日,三傻大闹宝莱坞,真爱至上,恋恋笔记本,,,,
东邪西毒：终极版 東邪西毒終極版,东邪西毒,花样年华,重庆森林,胭脂扣,2046,堕落天使,阿飞正传,甜蜜蜜,,
燃情岁月 Legends of the Fall,罗马假日,魂断蓝桥,爱在日落黄昏时,英国病人,恋恋笔记本,甜蜜蜜,卡萨布兰卡,大河恋,廊桥遗梦,朗读者
九品芝麻官,喜剧之王,,,,,,,,,
魂断蓝桥 Waterloo Bridge,罗马假日,卡萨布兰卡,乱世佳人,人鬼情未了,爱在日落黄昏时,甜蜜蜜,恋恋笔记本,蒂凡尼的早餐,廊桥遗梦,花样年华
千年女优 千年女優,东京教父,,,,,,,,,
花样年华 花樣年華,重庆森林,甜蜜蜜,2046,阿飞正传,罗马假日,爱在黎明破晓前,堕落天使,胭脂扣,春光乍泄,天使爱美丽
剪刀手爱德华 Edward Scissorhands,罗马假日,泰坦尼克号,恋恋笔记本,爱在黎明破晓前,天使爱美丽,重庆森林,甜蜜蜜,,,
天使爱美丽 Le fabuleux destin d'Amélie Poulain,罗马假日,重庆森林,爱在黎明破晓前,花样年华,两小无猜,甜蜜蜜,恋恋笔记本,傲慢与偏见,泰坦尼克号,真爱至上
笑傲江湖2：东方不败,黄飞鸿,卧虎藏龙,东邪西毒,精武英雄,英雄,,,,,
傲慢与偏见 Pride &amp; Prejudice,罗马假日,爱在黎明破晓前,恋恋笔记本,重庆森林,泰坦尼克号,乱世佳人,花样年华,天使爱美丽,真爱至上,爱乐之城
寻子遇仙记,城市之光,大独裁者,摩登时代,将军号,,,,,,
悲惨世界 Les Misérables,傲慢与偏见,海上钢琴师,爱乐之城,理智与情感,歌剧魅影,爱在黎明破晓前,雾都孤儿,安娜·卡列尼娜,午夜巴黎,
横道世之介,花束般的恋爱,爱在黎明破晓前,偶然与想象,那年夏天，宁静的海,重庆森林,春天情书,甜蜜蜜,爱乐之城,情书,花样年华
将军号,满城风雨,寻子遇仙记,街角的商店,,,,,,,
色，戒,花样年华,重庆森林,罗马假日,甜蜜蜜,爱在黎明破晓前,阿飞正传,泰坦尼克号,爱乐之城,天使爱美丽,傲慢与偏见
东邪西毒 東邪西毒,重庆森林,花样年华,东邪西毒：终极版,阿飞正传,甜蜜蜜,罗马假日,胭脂扣,卧虎藏龙,,
青蛇,甜蜜蜜,罗马假日,花样年华,胭脂扣,重庆森林,泰坦尼克号,东邪西毒,,,
贫民窟的百万富翁 Slumdog Millionaire,罗马假日,阿甘正传,荒岛余生,肖申克的救赎,当幸福来敲门,国王的演讲,百万美元宝贝,三傻大闹宝莱坞,泰坦尼克号,幸福终点站
卡萨布兰卡 Casablanca,魂断蓝桥,罗马假日,乱世佳人,人鬼情未了,爱在日落黄昏时,英国病人,西雅图未眠夜,蒂凡尼的早餐,甜蜜蜜,朗读者
真爱至上 Love Actually,罗马假日,恋恋笔记本,爱在黎明破晓前,他其实没那么喜欢你,甜蜜蜜,天使爱美丽,傲慢与偏见,泰坦尼克号,重庆森林,
廊桥遗梦 The Bridges of Madison County,罗马假日,魂断蓝桥,爱在日落黄昏时,走出非洲,人鬼情未了,英国病人,甜蜜蜜,花样年华,恋恋笔记本,
恋恋笔记本 The Notebook,罗马假日,爱在黎明破晓前,真爱至上,泰坦尼克号,傲慢与偏见,两小无猜,甜蜜蜜,一天,重庆森林,爱乐之城
花束般的恋爱 花束みたいな恋をした,爱在黎明破晓前,爱情神话,爱乐之城,恋恋笔记本,重庆森林,偶然与想象,泰坦尼克号,花样年华,情书,婚姻故事
燃烧女子的肖像 Portrait de la jeune fille en feu,打开心世界,卡罗尔,每分钟120击,菊石,面子,阿黛尔的生活,同心难改,看不见的世界,自梳,莫里斯
朗读者 The Reader,罗马假日,爱在日落黄昏时,恋恋笔记本,甜蜜蜜,英国病人,重庆森林,花样年华,乱世佳人,天使爱美丽,泰坦尼克号
爱乐之城,爱在黎明破晓前,曾经,重庆森林,罗马假日,恋恋笔记本,海上钢琴师,花样年华,傲慢与偏见,一天,
莫里斯 Maurice,迷情站台,每分钟120击,上帝之国,同窗之爱,单身男子,蓝宇,燃烧女子的肖像,我自己的爱达荷,烈焰焚币,迷恋荷尔蒙
穿越时空的少女 時をかける少女,千年女优,,,,,,,,,
婚姻故事 Marriage Story,对不起，我们错过了你,82年生的金智英,困在时间里的父亲,花束般的恋爱,爱在日落黄昏时,饮食男女,革命之路,步履不停,爱乐之城,
恋恋风尘 戀戀風塵,独立时代,祖与占,海滩的一天,卡比利亚之夜,花样年华,大路,那年夏天，宁静的海,悲情城市,最好的时光,青梅竹马
碧海蓝天 Le grand bleu,两小无猜,英国病人,爱在日落黄昏时,重庆森林,罗马假日,对她说,蓝白红三部曲之蓝,走出非洲,甜蜜蜜,
你的名字。 君の名は。,大闹天宫,秒速5厘米,千与千寻,,,,,,,
初恋这件小事 สิ่งเล็กเล็กที่เรียกว่า...รัก,罗马假日,恋恋笔记本,泰坦尼克号,爱在黎明破晓前,傲慢与偏见,真爱至上,剪刀手爱德华,天使爱美丽,重庆森林,怦然心动
阿飞正传 阿飛正傳,花样年华,重庆森林,堕落天使,甜蜜蜜,2046,胭脂扣,东邪西毒,爱在黎明破晓前,春光乍泄,罗马假日
蝴蝶梦,,,,,,,,,,
阮玲玉,南海十三郎,公民凯恩,海上花,弗里达,花样年华,一一,戏梦人生,悲情城市,宋家皇朝,社交网络
土拨鼠之日 Groundhog Day,喜剧之王,真爱至上,幸福终点站,暖暖内含光,爱在黎明破晓前,摩登时代,天使爱美丽,三傻大闹宝莱坞,,
胭脂扣,夜半歌声,花样年华,甜蜜蜜,重庆森林,罗马假日,半生缘,阿飞正传,2046,东邪西毒：终极版,
蓝白红三部曲之红 Trois couleurs: Rouge,蓝白红三部曲之蓝,两生花,乡愁,永恒和一日,新桥恋人,雾中风景,春天的故事,秋天的故事,对她说,花样年华
家有喜事 家有囍事,赌侠,,,,,,,,,
红高粱,花样年华,重庆森林,甜蜜蜜,罗马假日,胭脂扣,苏州河,阿飞正传,我的父亲母亲,芙蓉镇,集结号
花火 HANA-BI,那年夏天，宁静的海,奏鸣曲,重庆森林,凶暴的男人,花样年华,堕落天使,大佬,独立时代,蓝白红三部曲之蓝,精疲力尽
赎罪 Atonement,爱在黎明破晓前,面纱,罗马假日,傲慢与偏见,恋恋笔记本,重庆森林,花样年华,成为简·奥斯汀,一天,
笑傲江湖2：东方不败 笑傲江湖II東方不敗,黄飞鸿,精武英雄,卧虎藏龙,,,,,,,
美国丽人 American Beauty,饮食男女,雨人,一次别离,东京物语,燃情岁月,步履不停,阳光小美女,婚姻故事,海边的曼彻斯特,喜宴
面子 Saving Face,同心难改,自梳,看不见的世界,燃烧女子的肖像,打开心世界,四角关系,告诉蜜蜂,卡罗尔,被拒人生,布卢明顿
小城之春,马路天使,卡比利亚之夜,早春二月,祖与占,大路,广岛之恋,去年在马里昂巴德,野草莓,蓝白红三部曲之蓝,精疲力尽
英国病人 The English Patient,走出非洲,爱在日落黄昏时,罗马假日,面纱,两小无猜,甜蜜蜜,魂断蓝桥,重庆森林,花样年华,
不一样的天空 What's Eating Gilbert Grape,大河恋,马文的房间,雨人,饮食男女,一次别离,天伦之旅,燃情岁月,阳光小美女,我是山姆,海边的曼彻斯特
岁月的童话 おもひでぽろぽろ,百变狸猫,听到涛声,侧耳倾听,,,,,,,
暖暖内含光 Eternal Sunshine of the Spotless Mind,爱在日落黄昏时,和莎莫的500天,当哈利遇到莎莉,重庆森林,两小无猜,恋恋笔记本,甜蜜蜜,英国病人,花样年华,天使爱美丽
爱乐之城 La La Land,爱在黎明破晓前,罗马假日,重庆森林,恋恋笔记本,花束般的恋爱,花样年华,泰坦尼克号,傲慢与偏见,真爱至上,
卧虎藏龙 臥虎藏龍,英雄,笑傲江湖2：东方不败,黄飞鸿,师父,一代宗师,绣春刀,,,,
蓝色大门 藍色大門,重庆森林,甜蜜蜜,花样年华,爱在黎明破晓前,罗马假日,两小无猜,志明与春娇,和莎莫的500天,春光乍泄,天使爱美丽
野草莓 Smultronstället,秋日奏鸣曲,婚姻生活,卡比利亚之夜,祖与占,大路,东京物语,乡愁,德州巴黎,蚀,呼喊与细语
蓝宇 藍宇,春光乍泄,断背山,美少年之恋,莫里斯,喜宴,燃烧女子的肖像,谁先爱上他的,请以你的名字呼唤我,春风沉醉的夜晚,每分钟120击
她 Her,爱在黎明破晓前,重庆森林,花样年华,爱乐之城,和莎莫的500天,恋恋笔记本,暖暖内含光,午夜巴黎,天使爱美丽,这个男人来自地球
花木兰,木偶奇遇记,泰山,小鹿斑比,,,,,,,
假如爱有天意 클래식,我脑中的橡皮擦,雏菊,罗马假日,恋恋笔记本,甜蜜蜜,爱在黎明破晓前,我的野蛮女友,泰坦尼克号,重庆森林,
秋天的童话 秋天的童話,阿郎的故事,甜蜜蜜,胭脂扣,半生缘,天若有情,玻璃之城,新不了情,男人四十,,
安妮·霍尔 Annie Hall,曼哈顿,解构爱情狂,祖与占,丈夫、太太与情人,午夜巴塞罗那,卡比利亚之夜,秋天的故事,大路,,
堕落天使 墮落天使,重庆森林,2046,花样年华,阿飞正传,苏州河,蓝莓之夜,甜蜜蜜,胭脂扣,东邪西毒：终极版,爱在黎明破晓前
自梳,看不见的世界,同心难改,面子,燃烧女子的肖像,打开心世界,游园惊梦,蓝宇,卡罗尔,布卢明顿,穿制服的女孩
万物理论 The Theory of Everything,社交网络,美丽心灵,飞行家,成为简·奥斯汀,国王的演讲,丹麦女孩,极速风流,模仿游戏,爱在黎明破晓前,隐藏人物
卡罗尔 Carol,燃烧女子的肖像,阿黛尔的生活,同心难改,打开心世界,春光乍泄,请以你的名字呼唤我,丹麦女孩,看不见的世界,自梳,蓝宇
将军号,寻子遇仙记,,,,,,,,,
弗里达 Frida,永恒记忆,花落花开,玫瑰人生,阮玲玉,卡蜜儿·克劳岱尔,斯图尔特：倒带人生,莫扎特传,卡拉瓦乔,时时刻刻,
阿黛尔的生活 La Vie d'Adèle,燃烧女子的肖像,卡罗尔,春光乍泄,蓝宇,断背山,请以你的名字呼唤我,莫里斯,每分钟120击,面子,小姐
三峡好人,小武,站台,世界,立春,一一,悲情城市,路边野餐,本命年,孔雀,二十四城记
蓝白红三部曲之蓝 Trois couleurs: Bleu,蓝白红三部曲之红,两生花,乡愁,永恒和一日,新桥恋人,雾中风景,春天的故事,花样年华,一一,对她说
巴斯特·斯克鲁格斯的歌谣 The Ballad of Buster Scruggs,大佛普拉斯,荒蛮故事,同学麦娜丝,两杆大烟枪,杰出公民,八恶人,,,,
那年夏天，宁静的海 あの夏、いちばん静かな海。,花火,重庆森林,花样年华,春天的故事,堕落天使,爱在黎明破晓前,独立时代,苏州河,蓝白红三部曲之蓝,一一
走出非洲 Out of Africa,英国病人,人鬼情未了,罗马假日,马语者,廊桥遗梦,西雅图未眠夜,魂断蓝桥,面纱,爱在日落黄昏时,
爱 Amour,对她说,祖与占,爱在日落黄昏时,英国病人,艺术家,婚姻生活,蓝白红三部曲之蓝,安妮·霍尔,午夜巴黎,德州巴黎
绿洲 오아시스,薄荷糖,卡比利亚之夜,偶然与想象,大路,海滩的一天,独立时代,那年夏天，宁静的海,德州巴黎,春天的故事,恋恋风尘
桃色公寓,街角的商店,日出,卡比利亚之夜,金玉盟,魂断蓝桥,城市之光,大路,,,
秒速5厘米 秒速5センチメートル,穿越时空的少女,云的彼端，约定的地方,大闹天宫,,,,,,,
天若有情,秋天的童话,阿郎的故事,旺角卡门,天若有情3烽火佳人,胭脂扣,甜蜜蜜,烈火战车,花样年华,龙在江湖,
最佳出价 La migliore offerta,看不见的客人,利刃出鞘,大卫·戈尔的一生,控方证人,记忆碎片,消失的爱人,致命魔术,网络谜踪,,
阳光小美女,三傻大闹宝莱坞,,,,,,,,,
布达佩斯之恋 Gloomy Sunday - Ein Lied von Liebe und Tod,卡萨布兰卡,对她说,午夜巴塞罗那,魂断蓝桥,冷山,走出非洲,漫长的婚约,朗读者,英国病人,
哀乐中年 哀樂中年,万家灯火,过年,秋日奏鸣曲,麦秋,马路天使,秋刀鱼之味,红柿子,情迷意乱,客途秋恨,
茜茜公主 Sissi,茜茜公主2,罗马假日,魂断蓝桥,人鬼情未了,走出非洲,叶塞尼亚,蒂凡尼的早餐,西雅图未眠夜,天使之城,浓情巧克力
夜半歌声,胭脂扣,星月童话,恋战冲绳,左右情缘,新不了情,秋天的童话,,,,
洛奇 Rocky,洛奇2,奎迪,百万美元宝贝,光荣之路,光辉岁月,追梦赤子心,荒岛余生,铁拳男人,卡特教练,第一滴血
秒速5厘米,起风了,,,,,,,,,
午夜巴黎 Midnight in Paris,午夜巴塞罗那,爱在日落黄昏时,重庆森林,花样年华,安妮·霍尔,和莎莫的500天,一天,天使爱美丽,,
解构爱情狂,曼哈顿,安妮·霍尔,丈夫、太太与情人,卡比利亚之夜,祖与占,星尘往事,桃色公寓,,,
爱在暹罗 รักแห่งสยาม,蓝宇,断背山,春光乍泄,美少年之恋,罗马假日,两小无猜,欲盖弄潮,恋恋笔记本,,
相爱相亲,孤味,推手,婚姻故事,饮食男女,山河故人,一念无明,步履不停,万箭穿心,如父如子,比海更深
面纱 The Painted Veil,爱在日落黄昏时,英国病人,走出非洲,恋恋笔记本,甜蜜蜜,赎罪,花样年华,和莎莫的500天,重庆森林,
曾经 Once,爱在日落黄昏时,两小无猜,八月迷情,和莎莫的500天,罗马假日,恋恋笔记本,海上钢琴师,重庆森林,,
梁祝,胭脂扣,半生缘,甜蜜蜜,天若有情,秋天的童话,新不了情,花样年华,,,
成为简·奥斯汀 Becoming Jane,罗马假日,傲慢与偏见,恋恋笔记本,爱在日落黄昏时,一天,面纱,赎罪,两小无猜,他其实没那么喜欢你,
少年的你,罗马假日,泰坦尼克号,花束般的恋爱,天才枪手,爱在黎明破晓前,初恋这件小事,爱乐之城,爱情神话,重庆森林,
理智与情感 Sense and Sensibility,傲慢与偏见,纯真年代,看得见风景的房间,走出非洲,面纱,罗马假日,爱在日落黄昏时,当哈利遇到莎莉,魂断蓝桥,
丹麦女孩 The Danish Girl,卡罗尔,燃烧女子的肖像,请以你的名字呼唤我,春光乍泄,莫里斯,万物理论,阿黛尔的生活,谁先爱上他的,断背山,每分钟120击
对她说 Hable con ella,祖与占,卡比利亚之夜,大路,新桥恋人,德州巴黎,爱情是狗娘,英国病人,蓝白红三部曲之蓝,柏林苍穹下,破碎的拥抱
每分钟120击,上帝之国,请以你的名字呼唤我,谁先爱上他的,燃烧女子的肖像,蓝宇,莫里斯,断背山,喜欢，轻吻，快跑,春光乍泄,
桃色公寓 The Apartment,满城风雨,街角的商店,卡比利亚之夜,日出,,,,,,
苦月亮 Bitter Moon,情人,白日美人,祖与占,戏梦巴黎,女性瘾者：第一部,穿裘皮的维纳斯,大开眼戒,对她说,爱在黎明破晓前,色，戒
人鬼情未了 Ghost,天使之城,罗马假日,西雅图未眠夜,魂断蓝桥,保镖,恋恋笔记本,胭脂扣,甜蜜蜜,,
12夜,甜蜜蜜,每当变幻时,重庆森林,花样年华,胭脂扣,忘不了,爱在黎明破晓前,堕落天使,玻璃之城,花束般的恋爱
木偶奇遇记,花木兰,小鹿斑比,,,,,,,,
狐妖小红娘剧场版：王权富贵,秦时明月之一舞倾城,大闹天宫,,,,,,,,
狐妖小红娘剧场版：王权富贵,秦时明月之一舞倾城,大闹天宫,,,,,,,,
我的野蛮女友 엽기적인 그녀,雏菊,罗马假日,喜剧之王,九品芝麻官,我脑中的橡皮擦,,,,,
苏州河,重庆森林,花样年华,堕落天使,2046,立春,一一,甜蜜蜜,推拿,三峡好人,蓝白红三部曲之蓝
独自等待,甜蜜蜜,重庆森林,和莎莫的500天,志明与春娇,花样年华,我的野蛮女友,天使爱美丽,真爱至上,李米的猜想,苏州河
蓝白红三部曲之白 Trois couleurs: Blanc,蓝白红三部曲之蓝,两生花,新桥恋人,乡愁,永恒和一日,对她说,祖与占,春天的故事,秋天的故事,花样年华
精武门 精武門,猛龙过江,死亡游戏,精武英雄,给爸爸的信,中南海保镖,黄飞鸿之二：男儿当自强,,,,
八月迷情 August Rush,曾经,歌剧魅影,海上钢琴师,附注：我爱你,天使之城,两小无猜,音乐之声,恋恋笔记本,她比烟花寂寞,罗马假日
小妇人 Little Women,理智与情感,傲慢与偏见,简爱,婚姻故事,小妇人,纯真年代,罗马假日,爱在黎明破晓前,乱世佳人,恋恋笔记本
"巴黎，我爱你 Paris, je t'aime",纽约，我爱你,午夜巴塞罗那,两小无猜,对她说,浓情巧克力,蓝莓之夜,爱在日落黄昏时,和莎莫的500天,附注：我爱你,
艺术家 The Artist,午夜巴塞罗那,对她说,两小无猜,爱在日落黄昏时,和莎莫的500天,英国病人,巴黎，我爱你,安妮·霍尔,暖暖内含光,天使爱美丽
当哈利遇到莎莉 When Harry Met Sally...,西雅图未眠夜,爱在日落黄昏时,和莎莫的500天,天使之城,午夜巴塞罗那,他其实没那么喜欢你,恋恋笔记本,,,
木偶奇遇记,花木兰,小鹿斑比,,,,,,,,
巴里·林登 Barry Lyndon,光荣之路,恐惧与欲望,全金属外壳,乡愁,伊万的童年,永恒和一日,奇爱博士,大幻影,影子部队,现代启示录
玫瑰人生 La Môme,弗里达,她比烟花寂寞,莫扎特传,女王,时时刻刻,社交网络,卡蜜儿·克劳岱尔,花落花开,波西米亚狂想曲,
我的父亲母亲,甜蜜蜜,花样年华,胭脂扣,重庆森林,红高粱,一个陌生女人的来信,艺伎回忆录,苏州河,泰坦尼克号,归来
起风了 風立ちぬ,侧耳倾听,,,,,,,,,
情人 L'amant,花样年华,重庆森林,爱在黎明破晓前,胭脂扣,罗马假日,甜蜜蜜,面纱,色，戒,苦月亮,一树梨花压海棠
黄飞鸿之二：男儿当自强 黃飛鴻之二男兒當自強,黄飞鸿之三：狮王争霸,精武英雄,笑傲江湖2：东方不败,新少林五祖,给爸爸的信,中南海保镖,,,,
那些年，我们一起追的女孩 那些年，我們一起追的女孩,罗马假日,恋恋笔记本,重庆森林,泰坦尼克号,志明与春娇,初恋这件小事,失恋33天,天使爱美丽,假如爱有天意,
爱情神话,花束般的恋爱,爱在黎明破晓前,爱乐之城,真爱至上,甜蜜蜜,重庆森林,婚姻故事,花样年华,泰坦尼克号,
一树梨花压海棠 Lolita,情人,洛丽塔,苦月亮,重庆森林,爱在黎明破晓前,色，戒,戏梦巴黎,花样年华,罗马假日,甜蜜蜜
一代宗师 一代宗師,卧虎藏龙,师父,东邪西毒,英雄,花样年华,重庆森林,绣春刀,一一,阿飞正传,
花与爱丽丝 花とアリス,重庆森林,花样年华,梦旅人,一一,那年夏天，宁静的海,两小无猜,燕尾蝶,情书,天使爱美丽,
罗马假日,重庆森林,甜蜜蜜,泰坦尼克号,恋恋笔记本,花样年华,爱乐之城,志明与春娇,假如爱有天意,我的野蛮女友,
革命之路 Revolutionary Road,午夜巴塞罗那,爱在日落黄昏时,婚姻故事,面纱,朗读者,蓝色情人节,甜蜜蜜,恋恋笔记本,英国病人,偷心
现在去见你 지금 만나러 갑니다,我脑中的橡皮擦,假如爱有天意,花束般的恋爱,恋恋笔记本,内在美,爱在黎明破晓前,婚姻故事,爱乐之城,,
听说 聽說,志明与春娇,和莎莫的500天,雏菊,两小无猜,罗马假日,恋恋笔记本,重庆森林,甜蜜蜜,一天,他其实没那么喜欢你
李米的猜想,如果·爱,重庆森林,苏州河,花样年华,甜蜜蜜,胭脂扣,爱在黎明破晓前,2046,堕落天使,志明与春娇
赌侠,九品芝麻官,,,,,,,,,
重庆森林,花与爱丽丝,那年夏天，宁静的海,花样年华,爱在日落黄昏时,情书,甜蜜蜜,罗马假日,花束般的恋爱,天使爱美丽,
两生花 La Double vie de Véronique,蓝白红三部曲之蓝,乡愁,永恒和一日,雾中风景,樱桃的滋味,时时刻刻,悲情城市,一一,新桥恋人,机遇之歌
雏菊 데이지,我脑中的橡皮擦,假如爱有天意,罗马假日,悲伤电影,我的野蛮女友,两小无猜,恋恋笔记本,甜蜜蜜,,
新不了情,忘不了,秋天的童话,玻璃之城,半生缘,夜半歌声,胭脂扣,甜蜜蜜,男人四十,,
逆光飞翔 逆光飛翔,转山,中国合伙人,第36个故事,一一,国王的演讲,叫我第一名,激战,贫民窟的百万富翁,小森林 夏秋篇,翻滚吧！阿信
玻璃之城,甜蜜蜜,如果·爱,半生缘,胭脂扣,新不了情,重庆森林,忘不了,秋天的童话,,
胭脂扣,青蛇,东邪西毒：终极版,阿飞正传,,,,,,,
青之炎 青の炎,恶人,检察方的罪人,即使这样也不是我做的,愚行录,杀人回忆,牯岭街少年杀人事件,怒,庸才,,
蝴蝶君 M. Butterfly,莫里斯,蓝宇,燃烧女子的肖像,春光乍泄,战场上的快乐圣诞,迷恋荷尔蒙,魂断威尼斯,请以你的名字呼唤我,卡罗尔,谁先爱上他的
冷山 Cold Mountain,卡萨布兰卡,魂断蓝桥,面纱,天使之城,英国病人,漫长的婚约,走出非洲,朗读者,珍珠港,
蝴蝶梦 Rebecca,深闺疑云,美人计,,,,,,,,
我脑中的橡皮擦,恋恋笔记本,假如爱有天意,泰坦尼克号,暮光之城,内在美,傲慢与偏见,我的野蛮女友,遇见你之前,,
海滩的一天 海灘的一天,青梅竹马,独立时代,卡比利亚之夜,午后之爱,秋天的故事,婚姻生活,冬天的故事,大路,绿光,偶然与想象
木偶奇遇记,小鹿斑比,花木兰,,,,,,,,
蒂凡尼的早餐 Breakfast at Tiffany's,罗马假日,窈窕淑女,龙凤配,魂断蓝桥,人鬼情未了,爱在日落黄昏时,西雅图未眠夜,恋恋笔记本,,
无姓之人 Mr. Nobody,这个男人来自地球,超时空接触,月球,K星异客,千钧一发,第九区,降临,,,
我在雨中等你 The Art of Racing in the Rain,多哥,野性的呼唤,流浪猫鲍勃,忠犬帕尔玛,一条狗的使命,为你取名的那一天,丛林赤子心,南极大冒险,,
初恋这首情歌 Sing Street,爱乐之城,曾经,爱在黎明破晓前,醉乡民谣,重庆森林,花束般的恋爱,波西米亚狂想曲,如晴天，似雨天,午夜巴黎,
本命年,立春,三峡好人,小武,站台,悲情城市,一一,孔雀,太阳照常升起,变脸,独立时代
柏林苍穹下 Der Himmel über Berlin,德州巴黎,祖与占,卡比利亚之夜,大路,对她说,新桥恋人,夜,蚀,蓝白红三部曲之蓝,去年在马里昂巴德
戏梦巴黎 The Dreamers,情人,女性瘾者：第一部,苦月亮,白日美人,大开眼戒,色，戒,云上的日子,一一,花样年华,蓝白红三部曲之蓝
水牛城66 Buffalo '66,祖与占,德州巴黎,卡比利亚之夜,对她说,坏血,大路,天堂陌影,新桥恋人,安妮·霍尔,堕落天使
精疲力尽 À bout de souffle,祖与占,法外之徒,狂人皮埃罗,卡比利亚之夜,随心所欲,大路,蚀,去年在马里昂巴德,扒手,春天的故事
寻子遇仙记,城市之光,大独裁者,,,,,,,,
九品芝麻官,赌侠,,,,,,,,,
归来,罗马假日,甜蜜蜜,泰坦尼克号,花样年华,饮食男女,重庆森林,亲爱的,我的父亲母亲,山河故人,爱乐之城
黄昏的清兵卫 たそがれ清兵衛,隐剑鬼爪,武士的一分,浮云,情迷意乱,卡比利亚之夜,其后,远山的呼唤,无言的山丘,女人步上楼梯时,大路
我的名字叫可汗 My Name Is Khan,加油，印度！,贫民窟的百万富翁,叫我第一名,荒岛余生,自闭历程,国王的演讲,地球上的星星,127小时,听见天堂,当幸福来敲门
赛末点 Match Point,午夜巴塞罗那,曼哈顿,爱在日落黄昏时,安妮·霍尔,偷心,当哈利遇到莎莉,面纱,和莎莫的500天,甜蜜蜜,
未知死亡 Ghajini,为爱毁灭,罗马假日,未知死亡,印度往事,恋恋笔记本,泰坦尼克号,飓风营救,记忆碎片,,
婚姻生活 Scener ur ett äktenskap,卡比利亚之夜,秋日奏鸣曲,午后之爱,祖与占,大路,慕德家一夜,夜,萨拉邦德,不良少女莫妮卡,安娜的情欲
小妇人 Little Women,傲慢与偏见,婚姻故事,爱在黎明破晓前,花束般的恋爱,爱乐之城,罗马假日,重庆森林,恋恋笔记本,赎罪,
家有喜事,锦绣前程,九品芝麻官,,,,,,,,
和莎莫的500天 (500) Days of Summer,两小无猜,爱在日落黄昏时,他其实没那么喜欢你,恋恋笔记本,午夜巴塞罗那,一天,当哈利遇到莎莉,志明与春娇,重庆森林,
窈窕淑女 My Fair Lady,蒂凡尼的早餐,龙凤配,罗马假日,魂断蓝桥,爱在黎明破晓前,红磨坊,,,,
春天的故事 Conte de printemps,秋天的故事,冬天的故事,夏天的故事,绿光,午后之爱,飞行员的妻子,沙滩上的宝莲,慕德家一夜,,
西伯利亚的理发师 Сибирский цирюльник,走出非洲,对她说,邮差,祖与占,两个人的车站,莫斯科不相信眼泪,英国病人,纯真年代,看得见风景的房间,新桥恋人
西雅图未眠夜,罗马假日,恋恋笔记本,人鬼情未了,天使之城,真爱至上,当哈利遇到莎莉,爱在日落黄昏时,他其实没那么喜欢你,,
遇见你之前 Me Before You,恋恋笔记本,爱在黎明破晓前,罗马假日,一天,爱乐之城,傲慢与偏见,花束般的恋爱,他其实没那么喜欢你,,
爱在黎明破晓前,罗马假日,重庆森林,恋恋笔记本,花样年华,蒂凡尼的早餐,,,,,
上帝之国 God's Own Country,金发男子,每分钟120击,自由坠落,夏威夷,喜欢，轻吻，快跑,暗之光,迷情站台,莫里斯,我的冠军男友,周末时光
﻿,,,,,,,,,,
这个杀手不太冷 Léon,罗马假日,泰坦尼克号,恋恋笔记本,爱在黎明破晓前,重庆森林,剪刀手爱德华,猫鼠游戏,天使爱美丽,怦然心动,傲慢与偏见
指环王3：王者无敌 The Lord of the Rings: The Return of the King,指环王2：双塔奇兵,勇敢的心,少年派的奇幻漂流,大鱼,拯救大兵瑞恩,角斗士,,,,
蝙蝠侠：黑暗骑士 The Dark Knight,蝙蝠侠：黑暗骑士崛起,猫鼠游戏,盗梦空间,,,,,,,
指环王2：双塔奇兵 The Lord of the Rings: The Two Towers,指环王1：护戒使者,少年派的奇幻漂流,勇敢的心,大鱼,角斗士,,,,,
七武士 七人の侍,拯救大兵瑞恩,全金属外壳,影武者,光荣之路,乱,伊万的童年,蜘蛛巢城,现代启示录,钢琴家,
指环王1：护戒使者 The Lord of the Rings: The Fellowship of the Ring,指环王2：双塔奇兵,少年派的奇幻漂流,勇敢的心,大鱼,角斗士,,,,,
盗梦空间,这个男人来自地球,E.T.外星人,,,,,,,,
让子弹飞,九品芝麻官,两杆大烟枪,驴得水,布达佩斯大饭店,喜剧之王,,,,,
搏击俱乐部 Fight Club,记忆碎片,七宗罪,禁闭岛,致命魔术,控方证人,看不见的客人,穆赫兰道,杀人回忆,沉默的羔羊,
杀人回忆 살인의 추억,看不见的客人,恐怖直播,记忆碎片,七宗罪,禁闭岛,控方证人,致命ID,猫鼠游戏,沉默的羔羊,追击者
勇敢的心 Braveheart,拯救大兵瑞恩,角斗士,兵临城下,辛德勒的名单,指环王3：王者无敌,钢琴家,血战钢锯岭,与狼共舞,战争之王,
九品芝麻官,喜剧之王,,,,,,,,,
盗梦空间,星际穿越,E.T.外星人,第九区,,,,,,,
攻壳机动队2：无罪,千年女优,新世纪福音战士剧场版：Air/...,福音战士新剧场版：序,东京教父,星际牛仔：天国之门,人狼,,,,
指环王1：护戒使者,少年派的奇幻漂流,大鱼,,,,,,,,
纵横四海 緃横四海,英雄本色,赌神,九品芝麻官,喜剧之王,,,,,,
蝙蝠侠：黑暗骑士崛起 The Dark Knight Rises,蝙蝠侠：侠影之谜,X战警：逆转未来,盗梦空间,,,,,,,
被解救的姜戈 Django Unchained,无耻混蛋,八恶人,低俗小说,两杆大烟枪,让子弹飞,荒蛮故事,搏击俱乐部,,,
这个男人来自地球,E.T.外星人,第九区,,,,,,,,
飓风营救,记忆碎片,禁闭岛,,,,,,,,
枪火 鎗火,黑社会,暗花,黑金,机动部队,无间道2,英雄本色,跛豪,美国往事,教父2,
星际穿越,火星救援,盗梦空间,银翼杀手2049,,,,,,,
东邪西毒：终极版 東邪西毒終極版,东邪西毒,花样年华,重庆森林,胭脂扣,2046,堕落天使,阿飞正传,甜蜜蜜,,
E.T.外星人,第九区,我是传奇,,,,,,,,
大闹天宫,,,,,,,,,,
笑傲江湖2：东方不败,黄飞鸿,卧虎藏龙,东邪西毒,精武英雄,英雄,,,,,
火星救援,X战警：逆转未来,蝙蝠侠：黑暗骑士崛起,,,,,,,,
第九区,我是传奇,,,,,,,,,
飓风营救,记忆碎片,禁闭岛,,,,,,,,
恐怖游轮,流感,沉默的羔羊,致命ID,,,,,,,
东邪西毒 東邪西毒,重庆森林,花样年华,东邪西毒：终极版,阿飞正传,甜蜜蜜,罗马假日,胭脂扣,卧虎藏龙,,
英雄本色,英雄本色2,无间道,纵横四海,枪火,喋血双雄,教父3,暗战,美国往事,,
兵临城下,拯救大兵瑞恩,拆弹部队,战争之王,狂怒,1917,猎杀U-571,集结号,血战钢锯岭,,
大闹天宫,,,,,,,,,,
暗战 暗戰,机动部队,无间道2,门徒,窃听风云,毒战,英雄本色,寒战,喋血双雄,精武英雄,
飓风营救,记忆碎片,禁闭岛,,,,,,,,
指环王2：双塔奇兵,神奇动物在哪里,少年派的奇幻漂流,惊天魔盗团,,,,,,,
复仇者联盟4：终局之战 Avengers: Endgame,X战警：逆转未来,,,,,,,,,
空中监狱,飓风营救,国家公敌,,,,,,,,
精武英雄,给爸爸的信,黄飞鸿之二：男儿当自强,中南海保镖,新少林五祖,,,,,,
杀人回忆,记忆碎片,门徒,看不见的客人,一级恐惧,七宗罪,猫鼠游戏,恐怖直播,,,
角斗士 Gladiator,勇敢的心,天国王朝,兵临城下,与狼共舞,拯救大兵瑞恩,指环王3：王者无敌,,,,
蝙蝠侠：侠影之谜 Batman Begins,蝙蝠侠：黑暗骑士崛起,X战警：逆转未来,,,,,,,,
黄海 황해,追击者,我要复仇,特工,杀人回忆,恐怖直播,与犯罪的战争：坏家伙的全盛时代,局内人,新世界,蒙太奇,
乱,影武者,蜘蛛巢城,七武士,伊万的童年,光荣之路,全金属外壳,战国英豪,现代启示录,从海底出击,虎！虎！虎！
蝙蝠侠：侠影之谜,X战警：逆转未来,,,,,,,,,
空中监狱,飓风营救,,,,,,,,,
飓风营救,蝙蝠侠：黑暗骑士崛起,猫鼠游戏,,,,,,,,
指环王2：双塔奇兵,神奇动物在哪里,少年派的奇幻漂流,惊天魔盗团,,,,,,,
切腹,椿三十郎,大菩萨岭,夺命剑,用心棒,侍,影武者,关山飞渡,,,
湄公河行动,蝙蝠侠：黑暗骑士崛起,猫鼠游戏,,,,,,,,
九品芝麻官,赌侠,,,,,,,,,
让子弹飞,,,,,,,,,,
小萝莉的猴神大叔 Bajrangi Bhaijaan,九品芝麻官,喜剧之王,三傻大闹宝莱坞,让子弹飞,,,,,,
飓风营救,蝙蝠侠：黑暗骑士崛起,,,,,,,,,
指环王1：护戒使者,少年派的奇幻漂流,惊天魔盗团,,,,,,,,
指环王1：护戒使者,神奇动物在哪里,少年派的奇幻漂流,惊天魔盗团,,,,,,,
英雄本色2,喋血双雄,精武英雄,监狱风云,纵横四海,黑社会,无间道2,,,,
启示 Apocalypto,飓风营救,国家公敌,空中监狱,角斗士,,,,,,
九品芝麻官,,,,,,,,,,
九品芝麻官,赌侠,,,,,,,,,
被解救的姜戈,搏击俱乐部,八恶人,发条橙,低俗小说,,,,,,
喋血双雄 喋血雙雄,英雄本色2,喋血街头,辣手神探,精武英雄,给爸爸的信,监狱风云,枪火,龙虎风云,暗战,
银翼杀手2049 Blade Runner 2049,降临,这个男人来自地球,沙丘,第九区,火星救援,,,,,
我是传奇,,,,,,,,,,
监狱风云 監獄風雲,监狱风云2：逃犯,英雄本色2,喋血双雄,黑社会,精武英雄,黑金,枪火,古惑仔3之只手遮天,门徒,
第九区 District 9,这个男人来自地球,我是传奇,E.T.外星人,月球,,,,,,
金刚狼3：殊死一战 Logan,X战警：逆转未来,,,,,,,,,
精英部队2：大敌当前 Tropa de Elite 2 - O Inimigo Agora É Outro,精英部队,王牌对王牌,洛城机密,飓风营救,盗火线,训练日,上帝之城,黑社会,枪火,
指环王1：护戒使者,九品芝麻官,,,,,,,,,
E.T.外星人,,,,,,,,,,
美国X档案,天生杀人狂,搏击俱乐部,上帝之城,空中监狱,发条橙,出租车司机,,,,
天若有情,秋天的童话,阿郎的故事,旺角卡门,天若有情3烽火佳人,胭脂扣,甜蜜蜜,烈火战车,花样年华,龙在江湖,
血战钢锯岭,拯救大兵瑞恩,敦刻尔克,我和我的祖国,湄公河行动,1917,集结号,穿条纹睡衣的男孩,,,
暗花,黑社会,枪火,黑金,跛豪,机动部队,真心英雄,喋血街头,,,
黄飞鸿 黃飛鴻,黄飞鸿之二：男儿当自强,精武英雄,笑傲江湖2：东方不败,新少林五祖,给爸爸的信,中南海保镖,,,,
老男孩 올드보이,黄海,我要复仇,搏击俱乐部,杀人回忆,亲切的金子,追击者,记忆碎片,穆赫兰道,禁闭岛,
盗火线 Heat,情枭的黎明,忠奸人,赌城风云,好家伙,疤面煞星,洛城机密,训练日,热天午后,美国黑帮,
铁甲钢拳 Real Steel,我是传奇,猩球崛起,X战警：逆转未来,,,,,,,
王牌对王牌 The Negotiator,洛城机密,火柴人,一级恐惧,大卫·戈尔的一生,局内人,守法公民,空中监狱,,,
用心棒,椿三十郎,大菩萨岭,姿三四郎,夺命剑,战国英豪,侠女,关山飞渡,,,
飓风营救 Taken,飓风营救2,空中监狱,生死狙击,,,,,,,
X战警：逆转未来,,,,,,,,,,
师父,卧虎藏龙,箭士柳白猿,黄飞鸿,绣春刀,英雄,一代宗师,笑傲江湖2：东方不败,,,
花木兰,大闹天宫,,,,,,,,,
X战警：逆转未来,我是传奇,第九区,,,,,,,,
两杆大烟枪,爱尔兰人,巴斯特·斯克鲁格斯的歌谣,好莱坞往事,八恶人,低俗小说,荒蛮故事,猫鼠游戏,,,
X战警：逆转未来 X-Men: Days of Future Past,X战警：第一战,,,,,,,,,
黄飞鸿,精武英雄,新少林五祖,给爸爸的信,中南海保镖,猛龙过江,,,,,
我是传奇,,,,,,,,,,
X战警：第一战 X-Men: First Class,X战警：逆转未来,,,,,,,,,
西线无战事 Im Westen nichts Neues,1917,波斯语课,灰猎犬号,有史以来最棒的啤酒运送,拯救大兵瑞恩,兵临城下,敦刻尔克,决战中途岛,,
九品芝麻官,我是传奇,,,,,,,,,
大闹天宫,,,,,,,,,,
花木兰,,,,,,,,,,
一代宗师 一代宗師,卧虎藏龙,师父,东邪西毒,英雄,花样年华,重庆森林,绣春刀,一一,阿飞正传,
无双,,,,,,,,,,
天下无贼,九品芝麻官,手机,,,,,,,,
我是传奇,第九区,,,,,,,,,
X战警：逆转未来,,,,,,,,,,
大丈夫,青春梦工场,两杆大烟枪,有话好好说,金鸡,,,,,,
九品芝麻官,赌侠,,,,,,,,,
九品芝麻官,,,,,,,,,,
九品芝麻官,,,,,,,,,,
黄飞鸿之二：男儿当自强 黃飛鴻之二男兒當自強,黄飞鸿之三：狮王争霸,精武英雄,笑傲江湖2：东方不败,新少林五祖,给爸爸的信,中南海保镖,,,,
赌侠,九品芝麻官,,,,,,,,,
星际牛仔：天国之门,新世纪福音战士剧场版：Air/...,东京教父,千年女优,人狼,,,,,,
X战警：逆转未来,,,,,,,,,,
孤胆特工 아저씨,飓风营救,柏林,黄海,老手,,,,,,
猩球崛起 Rise of the Planet of the Apes,猩球崛起2：黎明之战,我是传奇,第九区,X战警：逆转未来,,,,,,
我是传奇,,,,,,,,,,
赌侠,,,,,,,,,,
黑客帝国动画版 The Animatrix,数字复兴·上,侦探的故事,人狼,,,,,,,
空中监狱 Con Air,空军一号,国家公敌,飓风营救,,,,,,,
无双 無雙,看不见的客人,误杀,利刃出鞘,猫鼠游戏,网络谜踪,烈日灼心,湄公河行动,暴裂无声,杀人回忆,
精武门 精武門,猛龙过江,死亡游戏,精武英雄,给爸爸的信,中南海保镖,黄飞鸿之二：男儿当自强,,,,
﻿,,,,,,,,,,
肖申克的救赎 The Shawshank Redemption,阿甘正传,当幸福来敲门,三傻大闹宝莱坞,摔跤吧！爸爸,贫民窟的百万富翁,荒岛余生,心灵捕手,国王的演讲,死亡诗社,美丽心灵
控方证人 Witness for the Prosecution,看不见的客人,控方证人,记忆碎片,禁闭岛,十二怒汉,致命魔术,利刃出鞘,,,
这个杀手不太冷 Léon,罗马假日,泰坦尼克号,恋恋笔记本,爱在黎明破晓前,重庆森林,剪刀手爱德华,猫鼠游戏,天使爱美丽,怦然心动,傲慢与偏见
无间道 無間道,无间道2,英雄本色,猫鼠游戏,教父,美国往事,新世界,无双,暗战,纵横四海,低俗小说
教父 The Godfather,教父2,美国往事,猫鼠游戏,无间道,低俗小说,英雄本色,上帝之城,黑社会,枪火,两杆大烟枪
教父2 The Godfather: Part II,教父3,美国往事,猫鼠游戏,低俗小说,无间道,爱尔兰人,英雄本色,上帝之城,黑社会,枪火
蝙蝠侠：黑暗骑士 The Dark Knight,蝙蝠侠：黑暗骑士崛起,猫鼠游戏,盗梦空间,,,,,,,
美国往事 Once Upon a Time in America,教父2,好家伙,低俗小说,上帝之城,爱尔兰人,枪火,黑社会,英雄本色,无间道,赌城风云
猫鼠游戏 Catch Me If You Can,华尔街之狼,七宗罪,杀人回忆,熔炉,血钻,恐怖直播,小丑,沉默的羔羊,蝙蝠侠：黑暗骑士,教父
"两杆大烟枪 Lock, Stock and Two Smoking Barrels",低俗小说,让子弹飞,摩登时代,荒蛮故事,布达佩斯大饭店,九品芝麻官,被解救的姜戈,,,
控方证人 Witness for the Prosecution,控方证人,东方快车谋杀案,尼罗河上的惨案,十二怒汉（电视版）,看不见的客人,记忆碎片,禁闭岛,利刃出鞘,,
完美的世界 A Perfect World,猫鼠游戏,末路狂花,杀人回忆,血钻,七宗罪,熔炉,恐怖直播,可可西里,上帝之城,
无间道(正序版),无间道3：终极无间,暗战,英雄本色,门徒,黑社会,新警察故事,窃听风云,黑金,五亿探长雷洛传1：雷老虎,
教父3 The Godfather: Part III,教父2,美国往事,猫鼠游戏,爱尔兰人,英雄本色,无间道2,上帝之城,低俗小说,新世界,黑社会
上帝之城 Cidade de Deus,美国往事,教父3,猫鼠游戏,搏击俱乐部,好家伙,低俗小说,发条橙,出租车司机,,
偷自行车的人 Ladri di biciclette,处女泉,扒手,法外之徒,精疲力尽,热天午后,末路狂花,东京物语,西部往事,,
沉默的羔羊 The Silence of the Lambs,七宗罪,致命ID,恐怖游轮,禁闭岛,记忆碎片,杀人回忆,第六感,,,
低俗小说 Pulp Fiction,两杆大烟枪,被解救的姜戈,让子弹飞,无耻混蛋,美国往事,教父,荒蛮故事,八恶人,,
杀人回忆 살인의 추억,看不见的客人,恐怖直播,记忆碎片,七宗罪,禁闭岛,控方证人,致命ID,猫鼠游戏,沉默的羔羊,追击者
可可西里,猫鼠游戏,杀人回忆,七宗罪,血钻,熔炉,香水,上帝之城,恐怖直播,无人区,牯岭街少年杀人事件
牯岭街少年杀人事件 牯嶺街少年殺人事件,末路狂花,杀人回忆,上帝之城,七宗罪,出租车司机,沉默的羔羊,三块广告牌,教父3,心迷宫,低俗小说
新世界 신세계,猫鼠游戏,黄海,与犯罪的战争：坏家伙的全盛时代,无间道2,教父2,局内人,黑社会,上帝之城,英雄本色,
绿里奇迹 The Green Mile,大鱼,指环王1：护戒使者,少年派的奇幻漂流,致命魔术,本杰明·巴顿奇事,青蛇,,,,
末路狂花 Thelma &amp; Louise,猫鼠游戏,发条橙,出租车司机,搏击俱乐部,上帝之城,老无所依,香水,,,
九品芝麻官,喜剧之王,,,,,,,,,
记忆碎片,控方证人,大卫·戈尔的一生,穆赫兰道,致命魔术,禁闭岛,一级恐惧,看不见的客人,,,
看不见的客人 Contratiempo,控方证人,禁闭岛,利刃出鞘,记忆碎片,致命魔术,网络谜踪,误杀,消失的爱人,杀人回忆,七宗罪
洞 Le trou,热天午后,独行杀手,骗中骗,M就是凶手,洛城机密,双重赔偿,,,,
七宗罪 Se7en,记忆碎片,禁闭岛,沉默的羔羊,致命ID,看不见的客人,杀人回忆,搏击俱乐部,恐怖游轮,猫鼠游戏,
纵横四海 緃横四海,英雄本色,赌神,九品芝麻官,喜剧之王,,,,,,
蝙蝠侠：黑暗骑士崛起 The Dark Knight Rises,蝙蝠侠：侠影之谜,X战警：逆转未来,盗梦空间,,,,,,,
猫鼠游戏,末路狂花,海上钢琴师,歌厅,天才瑞普利,波西米亚狂想曲,音乐之声,,,,
荒蛮故事 Relatos salvajes,两杆大烟枪,大佛普拉斯,布达佩斯大饭店,低俗小说,让子弹飞,巴斯特·斯克鲁格斯的歌谣,驴得水,杰出公民,被解救的姜戈,
枪火 鎗火,黑社会,暗花,黑金,机动部队,无间道2,英雄本色,跛豪,美国往事,教父2,
罗生门 羅生門,控方证人,记忆碎片,穆赫兰道,禁闭岛,十二怒汉,杀人回忆,,,,
爱尔兰人 The Irishman,好家伙,美国往事,教父3,猫鼠游戏,极速车王,新世界,黑社会,华尔街之狼,赌城风云,
深闺疑云,,,,,,,,,,
恐怖分子 恐怖份子,法外之徒,处女泉,扒手,独立时代,南国再见，南国,精疲力尽,牯岭街少年杀人事件,海滩的一天,热天午后,
小丑 Joker,猫鼠游戏,杀人回忆,沉默的羔羊,蝙蝠侠：黑暗骑士,七宗罪,熔炉,搏击俱乐部,恐怖直播,三块广告牌,爱尔兰人
消失的爱人 Gone Girl,看不见的客人,禁闭岛,记忆碎片,致命ID,七宗罪,控方证人,恐怖游轮,杀人回忆,沉默的羔羊,利刃出鞘
心迷宫,看不见的客人,暴裂无声,控方证人,杀人回忆,记忆碎片,利刃出鞘,恐怖直播,禁闭岛,网络谜踪,
神探夏洛克：最后的誓言 Sherlock: His Last Vow,神探夏洛克：可恶的新娘,利刃出鞘,看不见的客人,控方证人,记忆碎片,禁闭岛,致命魔术,网络谜踪,惊天魔盗团,
无间道2 無間道II,无间道3：终极无间,英雄本色,黑社会,暗战,枪火,教父3,门徒,新世界,新警察故事,猫鼠游戏
"三块广告牌 Three Billboards Outside Ebbing, Missouri",猫鼠游戏,看不见的客人,心迷宫,利刃出鞘,杀人回忆,两杆大烟枪,大佛普拉斯,荒蛮故事,低俗小说,
小偷家族 万引き家族,步履不停,饮食男女,如父如子,海街日记,比海更深,82年生的金智英,海边的曼彻斯特,婚姻故事,阳光普照,
恐怖直播 더 테러 라이브,杀人回忆,看不见的客人,猫鼠游戏,记忆碎片,七宗罪,控方证人,追击者,致命ID,禁闭岛,心迷宫
记忆碎片 Memento,禁闭岛,致命魔术,穆赫兰道,恐怖游轮,看不见的客人,七宗罪,蝴蝶效应,控方证人,,
洛城机密 L.A. Confidential,王牌对王牌,一级恐惧,大卫·戈尔的一生,火柴人,记忆碎片,控方证人,天才瑞普利,老无所依,,
十二怒汉（电视版） Studio One: Twelve Angry Men,控方证人,十二怒汉,记忆碎片,看不见的客人,禁闭岛,大卫·戈尔的一生,致命魔术,一级恐惧,,
战争之王 Lord of War,拯救大兵瑞恩,兵临城下,拆弹部队,集结号,钢琴家,1917,全金属外壳,血战钢锯岭,,
盲山,猫鼠游戏,杀人回忆,熔炉,可可西里,恐怖直播,追击者,暴裂无声,黄海,心迷宫,烈日灼心
四百击 Les quatre cents coups,法外之徒,处女泉,扒手,精疲力尽,偷自行车的人,狂人皮埃罗,钱,乡愁,,
九品芝麻官,让子弹飞,,,,,,,,,
英雄本色,英雄本色2,无间道,纵横四海,枪火,喋血双雄,教父3,暗战,美国往事,,
燕尾蝶 スワロウテイル,梦旅人,一一,两生花,重庆森林,花与爱丽丝,蓝白红三部曲之蓝,花样年华,苏州河,关于莉莉周的一切,堕落天使
阳光普照 陽光普照,孤味,对不起，我们错过了你,82年生的金智英,困在时间里的父亲,饮食男女,瀑布,婚姻故事,步履不停,如父如子,小偷家族
无耻混蛋 Inglourious Basterds,拯救大兵瑞恩,被解救的姜戈,1917,兵临城下,战争之王,全金属外壳,钢琴家,鬼子来了,低俗小说,
暗战 暗戰,机动部队,无间道2,门徒,窃听风云,毒战,英雄本色,寒战,喋血双雄,精武英雄,
猜火车 Trainspotting,两杆大烟枪,低俗小说,梦之安魂曲,猜火车2,猫鼠游戏,末路狂花,老无所依,出租车司机,,
发条橙 A Clockwork Orange,末路狂花,出租车司机,搏击俱乐部,上帝之城,天生杀人狂,被解救的姜戈,低俗小说,猫鼠游戏,,
撞车 Crash,猫鼠游戏,老无所依,洛城机密,七宗罪,杀人回忆,香水,上帝之城,血钻,大卫·戈尔的一生,
花火 HANA-BI,那年夏天，宁静的海,奏鸣曲,重庆森林,凶暴的男人,花样年华,堕落天使,大佬,独立时代,蓝白红三部曲之蓝,精疲力尽
八恶人 The Hateful Eight,被解救的姜戈,低俗小说,无耻混蛋,两杆大烟枪,出租车司机,荒蛮故事,巴斯特·斯克鲁格斯的歌谣,,,
记忆碎片,洛城机密,一级恐惧,大卫·戈尔的一生,控方证人,七宗罪,穆赫兰道,王牌对王牌,禁闭岛,,
金福南杀人事件始末 김복남 살인사건의 전말,追击者,黄海,看见恶魔,杀人回忆,我要复仇,亲切的金子,猫鼠游戏,蒙太奇,恐怖直播,
误杀瞒天记 Drishyam,看不见的客人,利刃出鞘,网络谜踪,控方证人,特工,杀人回忆,记忆碎片,蒙太奇,,
大卫·戈尔的一生 The Life of David Gale,一级恐惧,记忆碎片,控方证人,洛城机密,看不见的客人,禁闭岛,穆赫兰道,七宗罪,,
热天午后 Dog Day Afternoon,冰血暴,情枭的黎明,骗中骗,疤面煞星,老无所依,洛城机密,出租车司机,好家伙,,
阿飞正传 阿飛正傳,花样年华,重庆森林,堕落天使,甜蜜蜜,2046,胭脂扣,东邪西毒,爱在黎明破晓前,春光乍泄,罗马假日
十二怒汉 12 Angry Men,控方证人,十二怒汉（电视版）,十二怒汉,记忆碎片,猫鼠游戏,看不见的客人,七宗罪,杀人回忆,,
精英部队2：大敌当前 Tropa de Elite 2 - O Inimigo Agora É Outro,精英部队,王牌对王牌,洛城机密,飓风营救,盗火线,训练日,上帝之城,黑社会,枪火,
香水 Perfume: The Story of a Murderer,沉默的羔羊,猫鼠游戏,七宗罪,致命ID,恐怖游轮,杀人回忆,黑天鹅,,,
杀人回忆,记忆碎片,门徒,看不见的客人,一级恐惧,七宗罪,猫鼠游戏,恐怖直播,,,
网络谜踪 Searching,看不见的客人,利刃出鞘,记忆碎片,控方证人,禁闭岛,特工,致命魔术,杀人回忆,消失的爱人,
蝙蝠侠：侠影之谜 Batman Begins,蝙蝠侠：黑暗骑士崛起,X战警：逆转未来,,,,,,,,
黄海 황해,追击者,我要复仇,特工,杀人回忆,恐怖直播,与犯罪的战争：坏家伙的全盛时代,局内人,新世界,蒙太奇,
空中监狱,飓风营救,,,,,,,,,
飓风营救,蝙蝠侠：黑暗骑士崛起,猫鼠游戏,,,,,,,,
坏孩子的天空 キッズ・リターン,那年夏天，宁静的海,一一,花火,小武,悲情城市,三峡好人,站台,蓝白红三部曲之红,薄荷糖,苏州河
一级恐惧 Primal Fear,记忆碎片,大卫·戈尔的一生,洛城机密,致命ID,控方证人,七宗罪,禁闭岛,穆赫兰道,,
出租车司机 Taxi Driver,末路狂花,发条橙,美国X档案,热天午后,天生杀人狂,上帝之城,八恶人,疤面煞星,搏击俱乐部,
两杆大烟枪,杀手没有假期,低俗小说,荒蛮故事,无耻混蛋,,,,,,
风声,禁闭岛,看不见的客人,记忆碎片,悬崖之上,致命魔术,利刃出鞘,恐怖游轮,蝴蝶效应,盗梦空间,
湄公河行动,蝙蝠侠：黑暗骑士崛起,猫鼠游戏,,,,,,,,
喋血双雄 喋血雙雄,英雄本色2,喋血街头,辣手神探,精武英雄,给爸爸的信,监狱风云,枪火,龙虎风云,暗战,
尼罗河上的惨案 Death on the Nile,东方快车谋杀案,尼罗河上的惨案,控方证人,看不见的客人,,,,,,
杰伊·比姆 Jai Bhim,宿敌,白虎,猫鼠游戏,一个星期四,套装,美好的世界,孟买酒店,蒙太奇,杀人回忆,特工
东方快车谋杀案 Murder on the Orient Express,尼罗河上的惨案,控方证人,东方快车谋杀案,看不见的客人,,,,,,
九品芝麻官,宝贝计划,,,,,,,,,
骗中骗 The Sting,热天午后,洛城机密,双重赔偿,冰血暴,唐人街,虎豹小霸王,,,,
黑社会 黑社會,黑社会2：以和为贵,枪火,黑金,暗花,跛豪,机动部队,五亿探长雷洛传1：雷老虎,无间道2,,
盗火线 Heat,情枭的黎明,忠奸人,赌城风云,好家伙,疤面煞星,洛城机密,训练日,热天午后,美国黑帮,
堕落天使 墮落天使,重庆森林,2046,花样年华,阿飞正传,苏州河,蓝莓之夜,甜蜜蜜,胭脂扣,东邪西毒：终极版,爱在黎明破晓前
英雄本色2,喋血双雄,精武英雄,监狱风云,纵横四海,黑社会,无间道2,,,,
王牌对王牌 The Negotiator,洛城机密,火柴人,一级恐惧,大卫·戈尔的一生,局内人,守法公民,空中监狱,,,
西部往事 C'era una volta il West,不可饶恕,热天午后,虎豹小霸王,老无所依,骗中骗,赌城风云,,,,
好家伙 GoodFellas,赌城风云,疤面煞星,情枭的黎明,忠奸人,美国往事,黑社会,爱尔兰人,教父3,盗火线,
追击者 추격자,黄海,杀人回忆,蒙太奇,恐怖直播,特工,我要复仇,,,,
监狱风云 監獄風雲,监狱风云2：逃犯,英雄本色2,喋血双雄,黑社会,精武英雄,黑金,枪火,古惑仔3之只手遮天,门徒,
嫌疑人X的献身 容疑者Xの献身,盛夏的方程式,记忆碎片,看不见的客人,神探伽利略XX 内海薰最后的案...,控方证人,金色梦乡,禁闭岛,致命魔术,,
低俗小说,八恶人,好家伙,出租车司机,疤面煞星,上帝之城,美国X档案,末路狂花,热天午后,,
美国X档案,天生杀人狂,搏击俱乐部,上帝之城,空中监狱,发条橙,出租车司机,,,,
美国X档案 American History X,第25小时,出租车司机,洛城机密,上帝之城,热天午后,老无所依,搏击俱乐部,一级恐惧,,
暗花,黑社会,枪火,黑金,跛豪,机动部队,真心英雄,喋血街头,,,
烈日灼心,误杀,追凶者也,看不见的客人,猫鼠游戏,全民目击,杀人回忆,解救吾先生,无双,心迷宫,
无人区,猫鼠游戏,两杆大烟枪,让子弹飞,荒蛮故事,低俗小说,驴得水,被解救的姜戈,心迷宫,大佛普拉斯,
杀死一只知更鸟 To Kill a Mockingbird,控方证人,双重赔偿,唐人街,尼罗河上的惨案,东方快车谋杀案,M就是凶手,,,,
被解救的姜戈,搏击俱乐部,八恶人,发条橙,低俗小说,,,,,,
情枭的黎明 Carlito's Way,疤面煞星,忠奸人,赌城风云,好家伙,热天午后,铁面无私,盗火线,美国黑帮,教父3,布朗克斯的故事
青之炎 青の炎,恶人,检察方的罪人,即使这样也不是我做的,愚行录,杀人回忆,牯岭街少年杀人事件,怒,庸才,,
老无所依 No Country for Old Men,冰血暴,猫鼠游戏,沉默的羔羊,洛城机密,七宗罪,杀人回忆,不可饶恕,,,
超时空接触,K星异客,这个男人来自地球,月球,,,,,,,
飓风营救 Taken,飓风营救2,空中监狱,生死狙击,,,,,,,
千年女优,百变狸猫,东京教父,,,,,,,,
两杆大烟枪,爱尔兰人,巴斯特·斯克鲁格斯的歌谣,好莱坞往事,八恶人,低俗小说,荒蛮故事,猫鼠游戏,,,
少年汉尼拔,沉默的羔羊,恐怖游轮,致命ID,小岛惊魂,万能钥匙,,,,,
罗斯玛丽的婴儿,怪谈,怪房客,着魔,,,,,,,
夜行者 Nightcrawler,囚徒,老无所依,一级恐惧,洛城机密,杀人回忆,追击者,龙纹身的女孩,,,
少年的你,罗马假日,泰坦尼克号,花束般的恋爱,天才枪手,爱在黎明破晓前,初恋这件小事,爱乐之城,爱情神话,重庆森林,
椿三十郎,姿三四郎,大菩萨岭,用心棒,夺命剑,战国英豪,侍,关山飞渡,,,
看不见的客人,利刃出鞘,误杀,控方证人,网络谜踪,禁闭岛,无双,记忆碎片,心迷宫,杀人回忆,
暴裂无声,心迷宫,看不见的客人,杀人回忆,利刃出鞘,网络谜踪,追凶者也,控方证人,烈日灼心,猫鼠游戏,无双
天才枪手 ฉลาดเกมส์โกง,猫鼠游戏,误杀,看不见的客人,湄公河行动,无双,恐怖直播,杀人回忆,烈日灼心,暴裂无声,网络谜踪
猛龙过江 猛龍過江,精武门,死亡游戏,给爸爸的信,中南海保镖,,,,,,
跛豪,黑社会,五亿探长雷洛传1：雷老虎,岁月风云之上海皇帝,黑金,上海皇帝之雄霸天下,枪火,暗花,喋血街头,,
无间道3：终极无间 無間道III 終極無間,无间道2,暗战,黑社会,门徒,英雄本色,窃听风云,寒战,枪火,教父3,新警察故事
回家的路 집으로 가는 길,国际市场,如父如子,万箭穿心,82年生的金智英,许三观,母亲,阳光普照,亲爱的,季春奶奶,世上最美的离别
危情十日 Misery,罗斯玛丽的婴儿,小岛惊魂,万能钥匙,魔女嘉莉,恐怖游轮,,,,,
水牛城66 Buffalo '66,祖与占,德州巴黎,卡比利亚之夜,对她说,坏血,大路,天堂陌影,新桥恋人,安妮·霍尔,堕落天使
看不见的客人,特工,网络谜踪,蒙太奇,利刃出鞘,杀人回忆,心迷宫,,,,
大丈夫,青春梦工场,两杆大烟枪,有话好好说,金鸡,,,,,,
黑社会2：以和为贵 黑社會以和為貴,黑社会,枪火,黑金,暗花,跛豪,机动部队,五亿探长雷洛传1：雷老虎,江湖,,
母亲 마더,杀人回忆,追击者,蒙太奇,那家伙的声音,特工,黄海,恐怖直播,燃烧,,
看不见的客人,记忆碎片,利刃出鞘,一级恐惧,禁闭岛,网络谜踪,致命ID,控方证人,,,
枪火,黑社会,暗花,黑金,机动部队,江湖,跛豪,真心英雄,喋血街头,,
黑社会,暗花,枪火,两个只能活一个,大丈夫,,,,,,
处女泉 Jungfrukällan,法外之徒,扒手,钱,精疲力尽,狂人皮埃罗,天国与地狱,杀人短片,偷自行车的人,,
精疲力尽 À bout de souffle,祖与占,法外之徒,狂人皮埃罗,卡比利亚之夜,随心所欲,大路,蚀,去年在马里昂巴德,扒手,春天的故事
孤胆特工 아저씨,飓风营救,柏林,黄海,老手,,,,,,
八恶人,被解救的姜戈,危险关系,无耻混蛋,低俗小说,,,,,,
杀手没有假期,两杆大烟枪,,,,,,,,,
空中监狱 Con Air,空军一号,国家公敌,飓风营救,,,,,,,
唐人街 Chinatown,双重赔偿,M就是凶手,放大,洛城机密,,,,,,
机动部队 PTU,黑社会,非常突然,暗战,枪火,暗花,大事件,无间道2,黑金,,
天才瑞普利 The Talented Mr. Ripley,一级恐惧,洛城机密,火柴人,猫鼠游戏,大卫·戈尔的一生,记忆碎片,王牌对王牌,龙纹身的女孩,,
天下无贼,九品芝麻官,手机,,,,,,,,
火柴人 Matchstick Men,王牌对王牌,洛城机密,猫鼠游戏,一级恐惧,天才瑞普利,大卫·戈尔的一生,老无所依,七宗罪,,
利刃出鞘 Knives Out,看不见的客人,误杀,网络谜踪,控方证人,记忆碎片,禁闭岛,致命魔术,悬崖之上,,
英雄本色2,门徒,暗战,纵横四海,监狱风云2：逃犯,喋血双雄,给爸爸的信,辣手神探,精武英雄,,
李米的猜想,如果·爱,重庆森林,苏州河,花样年华,甜蜜蜜,胭脂扣,爱在黎明破晓前,2046,堕落天使,志明与春娇
疤面煞星 Scarface,情枭的黎明,忠奸人,好家伙,赌城风云,热天午后,黑社会,教父3,盗火线,美国往事,
蒙太奇 몽타주,追击者,杀人回忆,特工,误杀,恐怖直播,黄海,看不见的客人,,,
华尔街之狼 The Wolf of Wall Street,猫鼠游戏,飞行家,极速车王,社交网络,为奴十二年,大空头,爱尔兰人,达拉斯买家俱乐部,老无所依,波西米亚狂想曲
空军一号,空中监狱,国家公敌,飓风营救,,,,,,,
理查德·朱维尔的哀歌 Richard Jewell,极速车王,悲惨世界,爱尔兰人,教宗的承继,聚焦,社交网络,华盛顿邮报,波西米亚狂想曲,骡子,官方机密
被解救的姜戈,八恶人,搏击俱乐部,发条橙,,,,,,,
迷恋荷尔蒙 Soldier's Girl,迷情站台,莫里斯,平常的心,每分钟120击,自由坠落,烈焰焚币,暗之光,单身男子,上帝之国,欲盖弄潮
双重赔偿 Double Indemnity,唐人街,M就是凶手,日落大道,,,,,,,
龙纹身的女孩 The Girl with the Dragon Tattoo,锅匠，裁缝，士兵，间谍,记忆碎片,十二宫,穆赫兰道,七宗罪,一级恐惧,禁闭岛,大卫·戈尔的一生,,
重庆森林,花样年华,蓝白红三部曲之蓝,两小无猜,天使爱美丽,对她说,甜蜜蜜,两生花,碧海蓝天,英国病人,
杀手之吻,法外之徒,处女泉,天国与地狱,独行杀手,野良犬,热天午后,双重赔偿,恶汉甜梦,泥醉天使,
暗杀 암살,军舰岛,柏林,敦刻尔克,智取威虎山,血战钢锯岭,1917,兵临城下,集结号,,
九品芝麻官,,,,,,,,,,
喋血街头 喋血街頭,喋血双雄,辣手神探,英雄本色2,枪火,黑金,黑社会,给爸爸的信,监狱风云2：逃犯,,
谜一样的双眼 El secreto de sus ojos,大卫·戈尔的一生,洛城机密,记忆碎片,一级恐惧,影子写手,穆赫兰道,龙纹身的女孩,囚徒,,
赛末点 Match Point,午夜巴塞罗那,曼哈顿,爱在日落黄昏时,安妮·霍尔,偷心,当哈利遇到莎莉,面纱,和莎莫的500天,甜蜜蜜,
狗咬狗,门徒,暗战,监狱风云,杀破狼,黄海,新警察故事,机动部队,毒战,黑社会2：以和为贵,
骗中骗,纸月亮,热天午后,地球之夜,喜剧之王,满城风雨,,,,,
无双 無雙,看不见的客人,误杀,利刃出鞘,猫鼠游戏,网络谜踪,烈日灼心,湄公河行动,暴裂无声,杀人回忆,
迫在眉梢 John Q,天伦之旅,雨人,勇士,一次别离,训练日,国际市场,火柴人,我是山姆,岁月神偷,守法公民
空军一号,空中监狱,国家公敌,,,,,,,,
九品芝麻官,,,,,,,,,,
湄公河行动,猫鼠游戏,解救吾先生,无双,误杀,烈日灼心,惊天魔盗团,,,,
香港制造 香港製造,去年烟花特别多,细路祥,榴莲飘飘,香港有个荷里活,海上花,悲情城市,本命年,小武,一一,三峡好人
杀手没有假期 In Bruges,两杆大烟枪,阅后即焚,热天午后,巴斯特·斯克鲁格斯的歌谣,,,,,,
我失去了身体,东京教父,千年女优,,,,,,,,
喊·山,喊山,李米的猜想,百鸟朝凤,推拿,白日焰火,泰坦尼克号,追凶者也,红高粱,,
门徒 門徒,猫鼠游戏,窃听风云,毒战,扫毒,暗战,黑社会,解救吾先生,无间道3：终极无间,新警察故事,
大佬 Brother,奏鸣曲,凶暴的男人,座头市,黑社会,疤面煞星,好家伙,枪火,花火,情枭的黎明,
猛龙过江,精武门,死亡游戏,给爸爸的信,中南海保镖,,,,,,
飓风营救,空中监狱,,,,,,,,,
燃烧 버닝,特工,杀人回忆,看不见的客人,控方证人,利刃出鞘,网络谜踪,禁闭岛,血观音,暴裂无声,心迷宫
局内人 내부자들,黄海,特工,与犯罪的战争：坏家伙的全盛时代,新世界,老千,追击者,王者,蒙太奇,,
囚徒 Prisoners,夜行者,一级恐惧,十二宫,大卫·戈尔的一生,宿敌,龙纹身的女孩,洛城机密,记忆碎片,,
自由作家 Freedom Writers,永不妥协,光荣之路,光辉岁月,追梦赤子心,百万美元宝贝,自闭历程,蒙娜丽莎的微笑,激辩风云,隐藏人物,世上最快的印第安摩托
尼罗河上的惨案,东方快车谋杀案,阳光下的罪恶,ABC谋杀案,悬崖山庄奇案,控方证人,,,,,
狂人皮埃罗 Pierrot le fou,精疲力尽,法外之徒,祖与占,女人就是女人,随心所欲,卡比利亚之夜,蚀,扒手,春天的故事,秋天的故事
法外之徒 Bande à part,扒手,处女泉,钱,精疲力尽,狂人皮埃罗,通往绞刑架的电梯,独行杀手,射杀钢琴师,冷酷祭典,
赌城风云 Casino,好家伙,情枭的黎明,疤面煞星,忠奸人,穷街陋巷,美国黑帮,铁面无私,黑社会,盗火线,爱尔兰人
流浪者之歌 Дом за вешање,自由的幻影,资产阶级的审慎魅力,地球之夜,浮云世事,生命是个奇迹,,,,,
杀手没有假期,两杆大烟枪,感谢你抽烟,,,,,,,,
美国田园下的罪恶 An American Crime,末路狂花,追击者,一级恐惧,夜行者,天才瑞普利,香水,杀人回忆,熔炉,金福南杀人事件始末,恐怖直播
空房间 빈집,春夏秋冬又一春,时间,重庆森林,花样年华,呼吸,苏州河,甜蜜蜜,弓,对她说,蓝白红三部曲之蓝
华尔街 Wall Street,抢钱大作战,猫鼠游戏,华尔街：金钱永不眠,洛城机密,老无所依,火柴人,赌城风云,骗中骗,王牌对王牌,
不良教育 La mala educación,欲望法则,时光驻留,每分钟120击,迷情站台,雾港水手,痛苦与荣耀,莫里斯,我自己的爱达荷,烈焰焚币,天鹅绒金矿
给爸爸的信 給爸爸的信,中南海保镖,精武英雄,新少林五祖,黄飞鸿之二：男儿当自强,,,,,,
追凶者也,烈日灼心,猫鼠游戏,误杀,暴裂无声,天下无贼,心迷宫,看不见的客人,解救吾先生,,
奇迹 奇蹟,,,,,,,,,,
守法公民 Law Abiding Citizen,王牌对王牌,局内人,火柴人,危情三日,洛城机密,一级恐惧,,,,
突袭2：暴徒 The Raid 2: Berandal,飓风营救,精英部队,杀破狼,,,,,,,
处刑人 The Boondock Saints,处刑人2,美国X档案,哈里·布朗,精英部队,天生杀人狂,出租车司机,,,,
法外之徒,扒手,处女泉,独行杀手,精疲力尽,末路狂花,热天午后,祖与占,唐人街,码头风云,
回归 Volver,放大,唐人街,谜一样的双眼,穆赫兰道,泳池情杀案,不道德的审判,隐藏摄像机,,,
赴汤蹈火 Hell or High Water,猎凶风河谷,边境杀手,老无所依,冰血暴,劫匪,不可饶恕,夜行者,洛城机密,恐袭波士顿,骡子
惊天魔盗团,蝙蝠侠：黑暗骑士崛起,,,,,,,,,
与犯罪的战争：坏家伙的全盛时代,新世界,黑社会,局内人,王者,老千,枪火,黄海,,,
古惑仔2之猛龙过江,97古惑仔战无不胜,黑社会,英雄本色2,枪火,黑金,五亿探长雷洛传1：雷老虎,,,,
男孩别哭 Boys Don't Cry,为你钟情2,面子,自梳,同心难改,看不见的世界,不良教育,蓝宇,燃烧女子的肖像,高潮艺术,被拒人生
小委托人 어린 의뢰인,82年生的金智英,对不起，我们错过了你,恶人传,黄海,阳光普照,蒙太奇,追击者,国际市场,局内人,孟买酒店
蒙太奇,特工,追击者,黄海,老千,老手,,,,,
边缘日记 The Basketball Diaries,飞行家,猫鼠游戏,华尔街之狼,心之全蚀,斯图尔特：倒带人生,社交网络,胡佛,极速车王,末路狂花,血钻
烈焰焚币 Plata quemada,迷情站台,暗之光,自由坠落,心底的逆流,金发男子,欲盖弄潮,神父同志,上帝之国,莫里斯,我爱的男人
猫鼠游戏,惊天魔盗团,,,,,,,,,
记忆碎片,一级恐惧,心理游戏,禁闭岛,致命ID,万能钥匙,七宗罪,恐怖游轮,王牌对王牌,,
冰血暴 Fargo,缺席的人,老无所依,热天午后,血迷宫,唐人街,洛城机密,美国X档案,末路狂花,,
猫鼠游戏,空中监狱,火柴人,王牌对王牌,,,,,,,
悲惨世界 Les Misérables,杰伊·比姆,南方车站的聚会,爱尔兰人,赴汤蹈火,理查德·朱维尔的哀歌,孟买酒店,骡子,小丑,原钻,
飓风营救,,,,,,,,,,
训练日 Training Day,美国黑帮,盗火线,局内人,借刀杀人,空中监狱,王牌对王牌,洛城机密,,,
擒凶记,深闺疑云,辣手摧花,,,,,,,,
猜火车2 T2 Trainspotting,八恶人,猜火车,两杆大烟枪,巴斯特·斯克鲁格斯的歌谣,大佛普拉斯,低俗小说,荒蛮故事,好莱坞往事,,
超时空接触,这个男人来自地球,我是传奇,第九区,,,,,,,
续命之徒：绝命毒师电影 El Camino: A Breaking Bad Movie,猫鼠游戏,老无所依,小丑,赴汤蹈火,爱尔兰人,骡子,华尔街之狼,杀人回忆,孟买酒店,
虎豹小霸王 Butch Cassidy and the Sundance Kid,正午,西部往事,关山飞渡,骗中骗,,,,,,
骡子 The Mule,猫鼠游戏,网络谜踪,赴汤蹈火,老无所依,特工,利刃出鞘,杀人回忆,阳光普照,猎凶风河谷,恐袭波士顿
新警察故事,杀破狼,精武英雄,叶问,门徒,,,,,,
惊天魔盗团 Now You See Me,惊天魔盗团2,猫鼠游戏,看不见的客人,致命魔术,利刃出鞘,七宗罪,禁闭岛,,,
天国与地狱 天国と地獄,野良犬,恶汉甜梦,泥醉天使,复仇在我,男人的争斗,处女泉,双重赔偿,扒手,红圈,
旺角卡门 旺角卡門,天若有情,堕落天使,2046,重庆森林,花样年华,甜蜜蜜,胭脂扣,黑社会,蓝莓之夜,秋天的童话
天生杀人狂 Natural Born Killers,出租车司机,发条橙,末路狂花,美国X档案,搏击俱乐部,上帝之城,,,,
座头市 座頭市,大佬,凶暴的男人,椿三十郎,奏鸣曲,大菩萨岭,花火,,,,
非常突然,机动部队,暗战,高度戒备,野兽刑警,大事件,人民英雄,,,,
五亿探长雷洛传1：雷老虎 五億探長雷洛傳：雷老虎,五亿探长雷洛传2：父子情仇,跛豪,黑金,黑社会,岁月风云之上海皇帝,古惑仔2之猛龙过江,江湖,97古惑仔战无不胜,上海皇帝之雄霸天下,
尼罗河上的惨案 Poirot: Death on the Nile,阳光下的罪恶,ABC谋杀案,东方快车谋杀案,尼罗河上的惨案,悬崖山庄奇案,H庄园的一次午餐,葬礼之后,高尔夫球场的疑云,三幕悲剧,
飓风营救,边境杀手,,,,,,,,,
看见恶魔 악마를 보았다,追击者,我要复仇,黄海,金福南杀人事件始末,阿修罗,亲切的金子,老千,邻居,与犯罪的战争：坏家伙的全盛时代,
追捕 君よ憤怒の河を渉れ,人证,尼罗河上的惨案,东方快车谋杀案,亡命天涯,,,,,,
寻枪,记忆碎片,杀人回忆,白日焰火,禁闭岛,追凶者也,致命魔术,心迷宫,,,
飓风营救,突袭2：暴徒,边境杀手,,,,,,,,
6/45,老手,,,,,,,,,
飓风营救,突袭2：暴徒,,,,,,,,,
黑金,黑社会,跛豪,五亿探长雷洛传1：雷老虎,枪火,江湖,暗花,,,,
学校风云 學校風雲,黑社会,跛豪,龙虎风云,黑金,人民英雄,监狱风云2：逃犯,岁月风云之上海皇帝,喋血街头,,
美好的世界 すばらしき世界,杰伊·比姆,悲惨世界,套装,孤狼之血,宿敌,不可饶恕,爱尔兰人,孟买酒店,骡子,
监狱风云2：逃犯 監獄風雲II逃犯,监狱风云,给爸爸的信,英雄本色2,喋血双雄,龙虎风云,精武英雄,,,,
精英部队 Tropa de Elite,精英部队2：大敌当前,边境杀手,训练日,盗火线,洛城机密,飓风营救,王牌对王牌,赴汤蹈火,,
星尘往事,解构爱情狂,,,,,,,,,
解救吾先生,门徒,湄公河行动,烈日灼心,猫鼠游戏,追凶者也,无双,毒战,寒战,全民目击,无间道
擒凶记,深闺疑云,辣手摧花,,,,,,,,
奏鸣曲 ソナチネ,大佬,凶暴的男人,3–4x10月,花火,座头市,疤面煞星,黑社会,好家伙,复仇在我,
神秘河 Mystic River,洛城机密,心理游戏,一级恐惧,换子疑云,大卫·戈尔的一生,谜一样的双眼,唐人街,囚徒,,
亡命天涯 The Fugitive,空军一号,空中监狱,国家公敌,蒸发密令,,,,,,
辣手神探,喋血双雄,龙虎风云,给爸爸的信,英雄本色2,监狱风云2：逃犯,侠盗高飞,精武英雄,重案组,,
艋舺,黑社会,枪火,新宿事件,美国往事,教父,97古惑仔战无不胜,黑金,无间道2,,
少年汉尼拔,沉默的羔羊,一级恐惧,致命ID,小岛惊魂,七宗罪,万能钥匙,,,,
特写 کلوزآپ,扒手,法外之徒,钱,24帧,,,,,,
空中监狱,空军一号,国家公敌,,,,,,,,
阅后即焚,严肃的男人,影子大亨,缺席的人,巴斯特·斯克鲁格斯的歌谣,杀手没有假期,,,,,
边境杀手 Sicario,边境杀手2：边境战士,赴汤蹈火,猎凶风河谷,精英部队,囚徒,老无所依,黄海,,,
致命魔术,记忆碎片,利刃出鞘,禁闭岛,神探夏洛克：可恶的新娘,龙纹身的女孩,惊天魔盗团,七宗罪,,,
猫鼠游戏,两杆大烟枪,追凶者也,,,,,,,,
给爸爸的信,,,,,,,,,,
美国精神病人 American Psycho,一级恐惧,机械师,老无所依,十二宫,危情十日,天才瑞普利,,,,
美国黑帮 American Gangster,忠奸人,赌城风云,训练日,情枭的黎明,好家伙,毁灭之路,疤面煞星,纽约黑帮,盗火线,无间道风云
猎凶风河谷 Wind River,赴汤蹈火,边境杀手,囚徒,特工,夜行者,套装,恐袭波士顿,老无所依,利刃出鞘,
男孩A Boy A,美国X档案,天才瑞普利,末路狂花,香水,一级恐惧,龙纹身的女孩,七宗罪,杀手没有假期,梦之安魂曲,聚焦
大象 Elephant,天生杀人狂,发条橙,出租车司机,末路狂花,搏击俱乐部,这就是英格兰,上帝之城,人咬狗,,
白日焰火,南方车站的聚会,烈日灼心,追凶者也,杀人回忆,全民目击,看不见的客人,暴裂无声,心迷宫,,
老手 베테랑,老千,阿修罗,黄海,恶人传,,,,,,
三峡好人,重庆森林,花样年华,苏州河,小武,山河故人,路边野餐,一一,南方车站的聚会,推拿,
扫毒 掃毒,门徒,毒战,窃听风云,寒战2,杀破狼,湄公河行动,新警察故事,使徒行者,线人,
王者 더 킹,老千,与犯罪的战争：坏家伙的全盛时代,局内人,阿修罗,新世界,老手,骗子,,,
踏血寻梅 踏血尋梅,杀人回忆,门徒,追凶者也,白日焰火,烈日灼心,血观音,心迷宫,暴裂无声,看不见的客人,
杀人者的记忆法 살인자의 기억법,蒙太奇,特工,追击者,那家伙的声音,杀人回忆,邻居,电话,,,
恶人传,与犯罪的战争：坏家伙的全盛时代,阿修罗,老手,新世界,黄海,局内人,,,,
感谢你抽烟,杀手没有假期,,,,,,,,,
岁月风云之上海皇帝 歲月風雲之上海皇帝,上海皇帝之雄霸天下,跛豪,四大家族之龙虎兄弟,五亿探长雷洛传1：雷老虎,黑金,黑社会,江湖情,,,
火柴人,局内人,杀手没有假期,王牌对王牌,,,,,,,
敲开天堂的门 Knockin' on Heaven's Door,杀手没有假期,热天午后,两杆大烟枪,感谢你抽烟,,,,,,
恶魔 Les Diaboliques,恐惧的代价,乌鸦,双重赔偿,M就是凶手,桃色血案,唐人街,,,,
